{"stats":{"minecraft:mined":{"minecraft:large_fern":1,"minecraft:spruce_leaves":2,"minecraft:spruce_log":2},"minecraft:custom":{"minecraft:jump":14,"minecraft:time_since_rest":8438,"minecraft:damage_taken":40,"minecraft:leave_game":3,"minecraft:play_time":8438,"minecraft:sprint_one_cm":3914,"minecraft:time_since_death":8438,"minecraft:walk_one_cm":12265,"minecraft:total_world_time":8438,"minecraft:fall_one_cm":1902,"minecraft:fly_one_cm":1027},"minecraft:picked_up":{"minecraft:spruce_log":2}},"DataVersion":3953}