{"stats":{"minecraft:killed_by":{"minecraft:zombie":1},"minecraft:crafted":{"minecraft:wooden_sword":2,"minecraft:oak_planks":44,"minecraft:crafting_table":5,"biomesoplenty:redwood_planks":56,"minecraft:wooden_pickaxe":2,"minecraft:furnace":1,"minecraft:cooked_salmon":44,"minecraft:copper_ingot":48,"minecraft:stone_axe":1,"minecraft:air":0,"biomesoplenty:redwood_boat":1,"minecraft:stick":28,"minecraft:iron_ingot":2,"minecraft:stone_pickaxe":4,"minecraft:wooden_axe":1,"minecraft:stone_sword":2,"croptopia:cooked_calamari":1,"minecraft:chest":2,"minecraft:torch":40,"minecraft:cooked_beef":1},"minecraft:killed":{"minecraft:salmon":44,"minecraft:creeper":1,"minecraft:squid":2,"minecraft:skeleton":1,"minecraft:zombie":9,"minecraft:cow":4},"minecraft:custom":{"minecraft:interact_with_furnace":12,"minecraft:mob_kills":61,"minecraft:interact_with_crafting_table":19,"minecraft:leave_game":5,"minecraft:time_since_death":60730,"minecraft:time_since_rest":60812,"minecraft:sprint_one_cm":20650,"minecraft:damage_taken":793,"minecraft:walk_one_cm":176246,"minecraft:drop":1,"minecraft:damage_dealt":3967,"minecraft:swim_one_cm":64054,"minecraft:fly_one_cm":12884,"minecraft:open_chest":11,"minecraft:crouch_one_cm":3758,"minecraft:play_time":74786,"minecraft:deaths":1,"minecraft:sneak_time":1673,"minecraft:walk_under_water_one_cm":30375,"minecraft:boat_one_cm":7539,"minecraft:jump":584,"minecraft:walk_on_water_one_cm":50668,"minecraft:total_world_time":74786,"minecraft:fall_one_cm":13588},"minecraft:mined":{"minecraft:podzol":6,"croptopia:starfruit_crop":8,"croptopia:persimmon_crop":9,"minecraft:grass_block":5,"croptopia:lemon_crop":3,"minecraft:copper_ore":14,"minecraft:cobblestone":1,"blockus:marble":2,"minecraft:wall_torch":4,"minecraft:large_fern":1,"minecraft:seagrass":1,"minecraft:tall_seagrass":5,"minecraft:iron_ore":29,"trofers:small_plate":1,"croptopia:pear_crop":8,"minecraft:pumpkin":5,"minecraft:wither_rose":7,"croptopia:apricot_crop":7,"minecraft:coal_ore":210,"minecraft:oak_log":44,"biomesoplenty:redwood_log":14,"minecraft:dirt":6,"blockus:limestone":2,"minecraft:stone":99,"minecraft:oak_leaves":30},"minecraft:dropped":{"minecraft:wooden_sword":1},"minecraft:broken":{"minecraft:stone_pickaxe":2,"minecraft:wooden_axe":1,"minecraft:wooden_pickaxe":1},"minecraft:used":{"minecraft:stone_sword":48,"croptopia:lemon":3,"minecraft:stone_pickaxe":352,"croptopia:starfruit":8,"croptopia:apricot":7,"minecraft:chest":2,"minecraft:wooden_pickaxe":38,"minecraft:cooked_salmon":4,"minecraft:torch":37,"minecraft:dirt":12,"minecraft:crafting_table":5,"minecraft:wooden_axe":52,"biomesoplenty:redwood_boat":1,"minecraft:stone_axe":23,"croptopia:persimmon":9,"minecraft:wooden_sword":44,"minecraft:cobblestone":9,"minecraft:furnace":1,"minecraft:oak_sapling":15,"trofers:small_plate":1,"croptopia:pear":7},"minecraft:picked_up":{"minecraft:birch_log":2,"blockus:limestone":2,"minecraft:salmon":44,"minecraft:leather":2,"minecraft:wither_rose":7,"croptopia:calamari":2,"minecraft:oak_log":44,"minecraft:gunpowder":1,"trofers:small_plate":2,"minecraft:dirt":16,"minecraft:raw_copper":48,"minecraft:bone":2,"blockus:marble":2,"croptopia:pear":7,"minecraft:beef":6,"croptopia:roe":44,"minecraft:stick":4,"minecraft:raw_iron":29,"croptopia:apricot":7,"minecraft:pumpkin":5,"croptopia:starfruit":8,"minecraft:torch":4,"minecraft:ink_sac":4,"croptopia:lemon":3,"minecraft:rotten_flesh":7,"croptopia:persimmon":9,"minecraft:bone_meal":6,"minecraft:oak_sapling":15,"minecraft:coal":210,"minecraft:cobblestone":98,"biomesoplenty:redwood_log":14}},"DataVersion":3953}