{"stats":{"minecraft:crafted":{"minecraft:oak_planks":872,"minecraft:cooked_chicken":8,"minecraft:stone":11,"minecraft:diamond_shovel":1,"minecraft:bookshelf":20,"handcrafted:evoker_trophy":1,"minecraft:cooked_mutton":15,"minecraft:glass":452,"minecraft:diamond_helmet":1,"minecraft:bow":1,"minecraft:diamond_leggings":1,"minecraft:iron_boots":2,"minecraft:chest":4,"minecraft:emerald":72,"minecraft:cooked_porkchop":29,"minecraft:diamond_axe":1,"minecraft:crafting_table":6,"minecraft:wooden_pickaxe":2,"minecraft:iron_helmet":1,"minecraft:copper_ingot":143,"minecraft:hay_block":1,"biomesoplenty:redwood_boat":1,"minecraft:iron_chestplate":1,"minecraft:diamond_pickaxe":2,"minecraft:shield":2,"minecraft:stick":124,"minecraft:iron_ingot":172,"minecraft:iron_pickaxe":1,"minecraft:stone_sword":2,"minecraft:gold_ingot":29,"minecraft:wooden_sword":2,"minecraft:raw_iron":27,"minecraft:jukebox":1,"minecraft:furnace":2,"oritech:oritech_guide":1,"oritech:nickel_ingot":47,"minecraft:iron_axe":1,"minecraft:stone_pickaxe":4,"minecraft:diamond_boots":1,"croptopia:cooked_calamari":12,"minecraft:wheat":27,"minecraft:cooked_beef":42,"minecraft:crossbow":1,"minecraft:diamond_sword":2,"minecraft:enchanting_table":1,"biomesoplenty:redwood_planks":116,"oritech:platinum_ingot":8,"minecraft:iron_sword":1,"minecraft:cooked_salmon":47,"farmingforblockheads:chicken_nest":1,"minecraft:stone_axe":1,"minecraft:bread":192,"minecraft:air":0,"minecraft:wooden_axe":1,"minecraft:iron_shovel":1,"minecraft:iron_leggings":1,"minecraft:pumpkin_pie":88,"minecraft:torch":672,"minecraft:diamond_chestplate":1},"minecraft:dropped":{"minecraft:cooked_beef":3,"minecraft:oak_log":117,"minecraft:cooked_porkchop":2,"minecraft:rooted_dirt":2,"minecraft:flint":9,"minecraft:dirt":99,"minecraft:wooden_sword":1,"minecraft:bone_meal":6,"minecraft:sugar":2,"minecraft:oak_door":1,"minecraft:gravel":7,"minecraft:cobbled_deepslate":148,"minecraft:rotten_flesh":152,"minecraft:oak_planks":35,"oritech:oritech_guide":2,"minecraft:poppy":7,"minecraft:gunpowder":7,"croptopia:avocado":1,"minecraft:spruce_wood":3,"biomesoplenty:tall_lavender":20,"minecraft:egg":7,"minecraft:bread":108,"minecraft:iron_ingot":4,"minecraft:wheat_seeds":7,"minecraft:mossy_cobblestone":1,"minecraft:poisonous_potato":1,"biomesoplenty:lavender":50,"minecraft:cobblestone":64,"minecraft:granite":9,"minecraft:stick":53,"minecraft:cobweb":1,"biomesoplenty:goldenrod":5,"minecraft:diorite":1,"minecraft:torch":79,"blockus:marble":3,"minecraft:iron_shovel":1,"minecraft:string":4,"croptopia:cooked_calamari":8,"minecraft:stone_sword":1,"minecraft:tuff":1,"blockus:limestone":4,"biomesoplenty:redwood_planks":1,"blockus:bluestone":17,"minecraft:shield":1,"minecraft:diamond_pickaxe":1,"minecraft:andesite":11,"minecraft:spider_eye":3,"croptopia:peach":5,"minecraft:bow":1,"minecraft:wooden_pickaxe":1},"minecraft:custom":{"minecraft:animals_bred":2,"minecraft:interact_with_crafting_table":74,"minecraft:open_barrel":10,"minecraft:leave_game":9,"minecraft:time_since_death":438498,"minecraft:sprint_one_cm":1041605,"minecraft:damage_blocked_by_shield":4648,"minecraft:drop":130,"minecraft:talked_to_villager":169,"minecraft:play_time":552761,"minecraft:deaths":3,"minecraft:jump":6646,"minecraft:interact_with_brewingstand":1,"minecraft:walk_on_water_one_cm":125629,"minecraft:enchant_item":9,"minecraft:interact_with_furnace":271,"minecraft:play_record":2,"minecraft:traded_with_villager":126,"minecraft:interact_with_loom":2,"minecraft:sleep_in_bed":12,"minecraft:damage_dealt":41717,"minecraft:crouch_one_cm":17953,"minecraft:interact_with_smoker":3,"minecraft:inspect_dispenser":2,"minecraft:horse_one_cm":2094,"minecraft:interact_with_smithing_table":1,"minecraft:mob_kills":287,"minecraft:climb_one_cm":15303,"minecraft:walk_one_cm":1911383,"minecraft:sneak_time":8096,"minecraft:walk_under_water_one_cm":82044,"minecraft:boat_one_cm":11814,"minecraft:interact_with_blast_furnace":3,"minecraft:total_world_time":552761,"minecraft:raid_trigger":1,"minecraft:interact_with_stonecutter":1,"minecraft:time_since_rest":59440,"minecraft:damage_taken":4962,"minecraft:swim_one_cm":214975,"minecraft:fly_one_cm":1011723,"minecraft:open_chest":483,"minecraft:fall_one_cm":143604},"minecraft:broken":{"minecraft:stone_pickaxe":2,"minecraft:wooden_axe":1,"minecraft:wooden_pickaxe":1,"minecraft:iron_pickaxe":1},"minecraft:mined":{"minecraft:white_bed":1,"minecraft:brewing_stand":2,"minecraft:granite":24,"minecraft:grass_block":103,"oritech:deepslate_platinum_ore":48,"minecraft:tall_seagrass":6,"minecraft:raw_iron_block":3,"minecraft:iron_ore":204,"minecraft:cobbled_deepslate":4,"biomesoplenty:lavender":3,"minecraft:pumpkin":46,"minecraft:deepslate_lapis_ore":15,"biomesoplenty:redwood_log":14,"minecraft:water_cauldron":1,"minecraft:spruce_wood":4,"minecraft:deepslate_redstone_ore":8,"croptopia:starfruit_crop":8,"minecraft:clay":162,"minecraft:torch":3,"minecraft:cobblestone":16,"minecraft:sugar_cane":2,"minecraft:oak_planks":9,"minecraft:wall_torch":6,"biomesoplenty:goldenrod":1,"minecraft:deepslate_copper_ore":17,"minecraft:seagrass":2,"croptopia:pear_crop":8,"minecraft:wither_rose":7,"croptopia:apricot_crop":7,"minecraft:oak_log":368,"minecraft:sand":630,"minecraft:dirt":134,"blockus:limestone":22,"minecraft:stonecutter":1,"minecraft:oak_leaves":65,"minecraft:deepslate":403,"blockus:bluestone":20,"blockus:viridite":1,"minecraft:diamond_ore":20,"minecraft:tuff":27,"minecraft:mossy_cobblestone":1,"minecraft:deepslate_diamond_ore":138,"minecraft:glow_lichen":1,"croptopia:persimmon_crop":9,"minecraft:redstone_wire":1,"minecraft:large_fern":8,"minecraft:hay_block":3,"minecraft:furnace":2,"minecraft:andesite":23,"croptopia:peach_crop":6,"minecraft:bookshelf":10,"minecraft:deepslate_iron_ore":103,"minecraft:cobblestone_slab":1,"minecraft:lantern":6,"minecraft:stone":533,"minecraft:podzol":16,"minecraft:short_grass":38,"minecraft:lightning_rod":1,"croptopia:lemon_crop":3,"minecraft:tall_grass":9,"minecraft:copper_ore":14,"minecraft:deepslate_coal_ore":19,"blockus:marble":21,"minecraft:lapis_ore":5,"minecraft:deepslate_gold_ore":37,"minecraft:diorite":16,"biomesoplenty:red_maple_leaf_pile":1,"trofers:small_plate":1,"minecraft:spruce_log":5,"minecraft:coal_ore":1234,"croptopia:celery_crop":1,"minecraft:gravel":34,"oritech:deepslate_nickel_ore":21,"minecraft:cobweb":6,"biomesoplenty:redwood_wood":15,"minecraft:deepslate_emerald_ore":53,"minecraft:fern":11},"minecraft:picked_up":{"blockus:limestone":5,"minecraft:iron_chestplate":3,"minecraft:wheat":15,"minecraft:diamond_sword":1,"minecraft:wither_rose":7,"minecraft:potion":1,"xtraarrows:bat_skin":2,"croptopia:calamari":2,"minecraft:brewing_stand":2,"minecraft:string":26,"minecraft:raw_copper":110,"minecraft:cooked_salmon":76,"minecraft:iron_leggings":2,"biomesoplenty:tall_lavender":20,"blockus:marble":6,"handcrafted:evoker_trophy":1,"minecraft:cobbled_deepslate":394,"minecraft:cobblestone_slab":1,"minecraft:iron_pickaxe":2,"biomesoplenty:redwood_wood":15,"minecraft:furnace":2,"minecraft:iron_boots":1,"minecraft:stick":91,"minecraft:torch":190,"minecraft:porkchop":28,"oritech:raw_platinum":49,"minecraft:lightning_rod":1,"minecraft:diorite":3,"minecraft:cauldron":1,"minecraft:stone_sword":1,"minecraft:rotten_flesh":224,"croptopia:persimmon":9,"oritech:raw_nickel":38,"minecraft:obsidian":4,"minecraft:cobblestone":696,"biomesoplenty:lavender":157,"minecraft:birch_log":2,"minecraft:feather":13,"minecraft:cooked_beef":10,"minecraft:andesite":29,"minecraft:golden_leggings":1,"minecraft:potato":1,"morediscs:music_disc_activate":1,"minecraft:flint":10,"minecraft:tuff":17,"minecraft:lantern":6,"croptopia:cooked_calamari":6,"croptopia:celery":2,"minecraft:lapis_lazuli":158,"minecraft:dirt":400,"minecraft:bone":38,"minecraft:stonecutter":1,"minecraft:bow":3,"minecraft:wheat_seeds":87,"minecraft:raw_gold":37,"croptopia:roe":44,"minecraft:oak_planks":86,"biomesoplenty:toadstool":1,"minecraft:cooked_porkchop":2,"morediscs:music_disc_jungle":2,"croptopia:celery_seed":2,"minecraft:sand":628,"minecraft:ink_sac":4,"morediscs:music_disc_seeds":2,"minecraft:mossy_cobblestone":2,"minecraft:sugar":2,"minecraft:diamond":167,"minecraft:crossbow":2,"minecraft:granite":18,"minecraft:bone_meal":6,"minecraft:emerald":61,"minecraft:bread":136,"minecraft:rooted_dirt":2,"minecraft:oak_sapling":79,"minecraft:diamond_pickaxe":2,"biomesoplenty:redwood_log":14,"minecraft:coarse_dirt":3,"minecraft:crafting_table":1,"minecraft:ominous_bottle":1,"minecraft:chicken":8,"minecraft:clay_ball":648,"croptopia:peach":6,"blockus:bluestone":18,"minecraft:shield":3,"minecraft:iron_axe":2,"minecraft:iron_shovel":2,"croptopia:pear":7,"croptopia:avocado":1,"minecraft:beef":52,"minecraft:poppy":8,"minecraft:sugar_cane":23,"minecraft:birch_sapling":1,"minecraft:phantom_membrane":2,"minecraft:egg":22,"minecraft:raw_iron":312,"minecraft:copper_ingot":1,"oritech:oritech_guide":1,"minecraft:music_disc_11":2,"minecraft:carrot":1,"minecraft:redstone":88,"biomesoplenty:redwood_planks":88,"xtraarrows:vex_wing":44,"minecraft:arrow":42,"minecraft:diamond_chestplate":1,"minecraft:hay_block":3,"minecraft:saddle":1,"minecraft:totem_of_undying":2,"minecraft:mutton":25,"minecraft:white_wool":17,"minecraft:clock":1,"minecraft:glow_ink_sac":32,"minecraft:salmon":44,"biomesoplenty:goldenrod":11,"minecraft:leather":19,"minecraft:music_disc_stal":1,"croptopia:glowing_calamari":11,"minecraft:birch_planks":2,"minecraft:oak_log":432,"minecraft:gunpowder":11,"morediscs:music_disc_hue":1,"trofers:small_plate":2,"minecraft:white_banner":9,"minecraft:apple":6,"minecraft:stone_pickaxe":1,"minecraft:spruce_wood":3,"minecraft:iron_ingot":4,"minecraft:book":48,"croptopia:apricot":7,"minecraft:pumpkin":46,"croptopia:starfruit":8,"minecraft:dandelion":2,"minecraft:raw_iron_block":3,"minecraft:gravel":17,"minecraft:white_bed":1,"minecraft:spruce_log":4,"minecraft:spider_eye":6,"blockus:viridite":2,"croptopia:lemon":3,"minecraft:diamond_shovel":1,"croptopia:orange":7,"minecraft:iron_helmet":3,"minecraft:coal":1250},"minecraft:killed_by":{"minecraft:zombie":1,"minecraft:spider":1,"minecraft:skeleton":1},"minecraft:killed":{"minecraft:witch":4,"minecraft:spider":17,"minecraft:skeleton":21,"minecraft:chicken":8,"minecraft:pig":13,"minecraft:zombie_villager":2,"minecraft:salmon":44,"minecraft:creeper":5,"minecraft:sheep":17,"minecraft:pillager":20,"minecraft:zombie":70,"minecraft:cow":28,"minecraft:vex":6,"minecraft:evoker":3,"minecraft:vindicator":8,"minecraft:phantom":2,"minecraft:drowned":3,"minecraft:bat":1,"minecraft:ravager":2,"minecraft:squid":2},"minecraft:used":{"handcrafted:evoker_trophy":1,"minecraft:iron_shovel":65,"minecraft:poppy":1,"minecraft:chest":4,"minecraft:shield":65,"minecraft:stone":5,"minecraft:iron_sword":42,"minecraft:lantern":1,"minecraft:bow":6,"minecraft:ominous_bottle":1,"minecraft:oak_sapling":15,"minecraft:furnace":6,"minecraft:egg":11,"minecraft:potato":37,"croptopia:pear":7,"minecraft:diorite":1,"minecraft:stone_pickaxe":352,"minecraft:wooden_pickaxe":38,"minecraft:diamond_axe":373,"minecraft:composter":1,"biomesoplenty:lavender":2,"minecraft:crossbow":1,"minecraft:lightning_rod":1,"minecraft:bread":2,"minecraft:diamond_sword":653,"minecraft:wooden_sword":44,"minecraft:andesite":4,"minecraft:cobweb":6,"minecraft:enchanting_table":1,"minecraft:stone_sword":87,"croptopia:starfruit":8,"minecraft:cooked_salmon":47,"minecraft:torch":500,"minecraft:brewing_stand":2,"minecraft:dirt":18,"minecraft:wooden_axe":52,"minecraft:bookshelf":20,"minecraft:iron_axe":40,"minecraft:rooted_dirt":1,"biomesoplenty:redwood_boat":1,"croptopia:persimmon":9,"croptopia:cooked_calamari":4,"minecraft:cooked_beef":3,"minecraft:cobbled_deepslate":31,"minecraft:water_bucket":6,"croptopia:lemon":3,"croptopia:apricot":7,"minecraft:cauldron":1,"minecraft:stonecutter":1,"minecraft:cobblestone_slab":1,"minecraft:crafting_table":6,"minecraft:white_bed":1,"minecraft:diamond_pickaxe":2472,"minecraft:apple":4,"minecraft:diamond_shovel":1001,"farmingforblockheads:chicken_nest":1,"minecraft:iron_pickaxe":250,"minecraft:stone_axe":23,"minecraft:cobblestone":142,"minecraft:white_banner":1,"minecraft:cooked_porkchop":8,"trofers:small_plate":2,"minecraft:bucket":8,"minecraft:pumpkin_pie":24,"minecraft:jukebox":1}},"DataVersion":3953}