{"stats":{"minecraft:used":{"minecraft:wooden_axe":51,"minecraft:crafting_table":1,"minecraft:oak_sapling":13,"minecraft:chest":1,"minecraft:wooden_pickaxe":9},"minecraft:picked_up":{"minecraft:stick":4,"minecraft:bone":2,"minecraft:oak_log":41,"minecraft:oak_sapling":13,"minecraft:dirt":2,"minecraft:cobblestone":8},"minecraft:crafted":{"minecraft:chest":1,"minecraft:oak_planks":32,"minecraft:crafting_table":1,"minecraft:stick":4,"minecraft:wooden_pickaxe":1,"minecraft:wooden_axe":1},"minecraft:mined":{"minecraft:grass_block":1,"minecraft:oak_log":41,"minecraft:dirt":1,"minecraft:stone":8,"minecraft:oak_leaves":13},"minecraft:killed":{"minecraft:skeleton":1},"minecraft:custom":{"minecraft:time_since_rest":9790,"minecraft:open_chest":6,"minecraft:sprint_one_cm":1954,"minecraft:play_time":9790,"minecraft:damage_taken":110,"minecraft:walk_one_cm":50693,"minecraft:sneak_time":5,"minecraft:walk_under_water_one_cm":627,"minecraft:mob_kills":1,"minecraft:jump":82,"minecraft:damage_dealt":209,"minecraft:walk_on_water_one_cm":1604,"minecraft:leave_game":2,"minecraft:time_since_death":9790,"minecraft:total_world_time":9790,"minecraft:swim_one_cm":3915,"minecraft:interact_with_crafting_table":5,"minecraft:fall_one_cm":544,"minecraft:fly_one_cm":1383}},"DataVersion":3953}