{"stats":{"minecraft:killed_by":{"minecraft:zombie":1},"minecraft:crafted":{"minecraft:cooked_beef":1,"minecraft:wooden_sword":2,"minecraft:oak_planks":44,"minecraft:crafting_table":6,"biomesoplenty:redwood_planks":56,"minecraft:wooden_pickaxe":2,"minecraft:iron_sword":1,"minecraft:furnace":1,"minecraft:cooked_salmon":44,"minecraft:copper_ingot":48,"minecraft:stone_axe":1,"minecraft:air":0,"biomesoplenty:redwood_boat":1,"minecraft:stick":44,"minecraft:iron_pickaxe":1,"minecraft:iron_ingot":29,"minecraft:stone_pickaxe":4,"minecraft:wooden_axe":1,"minecraft:stone_sword":2,"minecraft:chest":2,"croptopia:cooked_calamari":1,"minecraft:torch":88},"minecraft:killed":{"minecraft:salmon":44,"minecraft:creeper":1,"minecraft:squid":2,"minecraft:skeleton":1,"minecraft:zombie":14,"minecraft:cow":4},"minecraft:custom":{"minecraft:interact_with_furnace":13,"minecraft:mob_kills":66,"minecraft:interact_with_crafting_table":21,"minecraft:leave_game":5,"minecraft:time_since_death":70798,"minecraft:time_since_rest":70880,"minecraft:sprint_one_cm":20699,"minecraft:damage_taken":873,"minecraft:walk_one_cm":197060,"minecraft:drop":1,"minecraft:damage_dealt":5085,"minecraft:swim_one_cm":71012,"minecraft:fly_one_cm":13099,"minecraft:open_chest":14,"minecraft:play_time":84854,"minecraft:crouch_one_cm":4239,"minecraft:deaths":1,"minecraft:sneak_time":2218,"minecraft:walk_under_water_one_cm":30935,"minecraft:boat_one_cm":7539,"minecraft:jump":616,"minecraft:walk_on_water_one_cm":55447,"minecraft:total_world_time":84854,"minecraft:fall_one_cm":14738},"minecraft:mined":{"minecraft:diamond_ore":7,"croptopia:starfruit_crop":8,"croptopia:persimmon_crop":9,"minecraft:grass_block":5,"croptopia:lemon_crop":3,"minecraft:copper_ore":14,"minecraft:cobblestone":1,"blockus:marble":2,"minecraft:wall_torch":4,"minecraft:large_fern":1,"minecraft:seagrass":1,"minecraft:tall_seagrass":5,"minecraft:iron_ore":39,"minecraft:cobbled_deepslate":1,"trofers:small_plate":1,"croptopia:pear_crop":8,"minecraft:pumpkin":5,"minecraft:wither_rose":7,"croptopia:apricot_crop":7,"minecraft:oak_log":44,"minecraft:coal_ore":210,"biomesoplenty:redwood_log":14,"minecraft:dirt":6,"oritech:deepslate_nickel_ore":1,"blockus:limestone":3,"minecraft:stone":108,"minecraft:oak_leaves":30,"minecraft:podzol":6},"minecraft:dropped":{"minecraft:wooden_sword":1},"minecraft:broken":{"minecraft:stone_pickaxe":2,"minecraft:wooden_axe":1,"minecraft:wooden_pickaxe":1},"minecraft:used":{"minecraft:stone_sword":48,"croptopia:lemon":3,"minecraft:stone_pickaxe":352,"croptopia:starfruit":8,"croptopia:apricot":7,"minecraft:chest":2,"minecraft:wooden_pickaxe":38,"minecraft:iron_sword":22,"minecraft:cooked_salmon":5,"minecraft:torch":48,"minecraft:dirt":12,"minecraft:crafting_table":6,"minecraft:wooden_axe":52,"minecraft:iron_pickaxe":29,"biomesoplenty:redwood_boat":1,"croptopia:persimmon":9,"minecraft:stone_axe":23,"minecraft:wooden_sword":44,"minecraft:cobblestone":9,"minecraft:furnace":1,"minecraft:oak_sapling":15,"trofers:small_plate":1,"croptopia:pear":7},"minecraft:picked_up":{"biomesoplenty:redwood_log":14,"blockus:limestone":3,"minecraft:salmon":44,"minecraft:leather":2,"minecraft:wither_rose":7,"croptopia:calamari":2,"minecraft:oak_log":44,"minecraft:gunpowder":1,"trofers:small_plate":2,"minecraft:dirt":16,"minecraft:raw_copper":48,"minecraft:bone":2,"blockus:marble":2,"croptopia:pear":7,"minecraft:cobbled_deepslate":1,"minecraft:beef":6,"croptopia:roe":44,"minecraft:stick":4,"minecraft:raw_iron":39,"croptopia:apricot":7,"minecraft:pumpkin":5,"croptopia:starfruit":8,"minecraft:torch":4,"minecraft:ink_sac":4,"croptopia:lemon":3,"minecraft:rotten_flesh":7,"croptopia:persimmon":9,"minecraft:diamond":7,"oritech:raw_nickel":1,"minecraft:bone_meal":6,"minecraft:oak_sapling":15,"minecraft:coal":210,"minecraft:birch_log":2,"minecraft:cobblestone":107}},"DataVersion":3953}