{"stats":{"minecraft:killed_by":{"minecraft:zombie":1},"minecraft:crafted":{"minecraft:wooden_sword":2,"minecraft:oak_planks":44,"minecraft:crafting_table":5,"biomesoplenty:redwood_planks":56,"minecraft:wooden_pickaxe":2,"minecraft:furnace":1,"minecraft:cooked_salmon":44,"minecraft:copper_ingot":12,"minecraft:stone_axe":1,"minecraft:air":0,"minecraft:stick":28,"minecraft:stone_pickaxe":4,"minecraft:wooden_axe":1,"minecraft:stone_sword":2,"minecraft:chest":2,"minecraft:torch":28},"minecraft:killed":{"minecraft:salmon":44,"minecraft:creeper":1,"minecraft:squid":1,"minecraft:skeleton":1,"minecraft:zombie":8,"minecraft:cow":3},"minecraft:custom":{"minecraft:interact_with_furnace":8,"minecraft:mob_kills":58,"minecraft:interact_with_crafting_table":14,"minecraft:leave_game":4,"minecraft:time_since_death":42129,"minecraft:time_since_rest":42211,"minecraft:sprint_one_cm":20199,"minecraft:damage_taken":495,"minecraft:walk_one_cm":145268,"minecraft:drop":1,"minecraft:damage_dealt":3577,"minecraft:swim_one_cm":52267,"minecraft:fly_one_cm":11637,"minecraft:open_chest":7,"minecraft:crouch_one_cm":1185,"minecraft:play_time":56185,"minecraft:deaths":1,"minecraft:sneak_time":452,"minecraft:walk_under_water_one_cm":26042,"minecraft:jump":433,"minecraft:walk_on_water_one_cm":32542,"minecraft:total_world_time":56185,"minecraft:fall_one_cm":10518},"minecraft:mined":{"minecraft:podzol":6,"croptopia:starfruit_crop":8,"croptopia:persimmon_crop":9,"minecraft:grass_block":5,"croptopia:lemon_crop":3,"minecraft:copper_ore":14,"minecraft:cobblestone":1,"minecraft:wall_torch":2,"minecraft:large_fern":1,"minecraft:seagrass":1,"minecraft:tall_seagrass":5,"minecraft:iron_ore":2,"trofers:small_plate":1,"croptopia:pear_crop":8,"minecraft:pumpkin":5,"croptopia:apricot_crop":7,"minecraft:coal_ore":165,"minecraft:oak_log":44,"biomesoplenty:redwood_log":14,"minecraft:dirt":4,"blockus:limestone":1,"minecraft:stone":83,"minecraft:oak_leaves":30},"minecraft:dropped":{"minecraft:wooden_sword":1},"minecraft:broken":{"minecraft:stone_pickaxe":1,"minecraft:wooden_axe":1,"minecraft:wooden_pickaxe":1},"minecraft:used":{"minecraft:stone_sword":38,"croptopia:lemon":3,"minecraft:stone_pickaxe":260,"croptopia:starfruit":8,"croptopia:apricot":5,"minecraft:chest":2,"minecraft:wooden_pickaxe":38,"minecraft:torch":18,"minecraft:dirt":12,"minecraft:crafting_table":5,"minecraft:wooden_axe":52,"minecraft:stone_axe":23,"croptopia:persimmon":9,"minecraft:wooden_sword":44,"minecraft:cobblestone":9,"minecraft:furnace":1,"minecraft:oak_sapling":15,"trofers:small_plate":1,"croptopia:pear":7},"minecraft:picked_up":{"minecraft:birch_log":2,"blockus:limestone":1,"minecraft:salmon":44,"croptopia:calamari":1,"minecraft:oak_log":44,"minecraft:gunpowder":1,"trofers:small_plate":2,"minecraft:dirt":14,"minecraft:raw_copper":48,"minecraft:bone":2,"croptopia:pear":7,"minecraft:beef":5,"croptopia:roe":44,"minecraft:stick":4,"minecraft:raw_iron":2,"croptopia:apricot":7,"minecraft:pumpkin":5,"croptopia:starfruit":8,"minecraft:torch":2,"minecraft:ink_sac":3,"croptopia:lemon":3,"minecraft:rotten_flesh":5,"croptopia:persimmon":9,"minecraft:bone_meal":6,"minecraft:oak_sapling":15,"minecraft:coal":165,"minecraft:cobblestone":83,"biomesoplenty:redwood_log":14}},"DataVersion":3953}