{"stats":{"minecraft:killed_by":{"minecraft:zombie":1},"minecraft:crafted":{"minecraft:wooden_sword":2,"minecraft:oak_planks":44,"minecraft:crafting_table":3,"minecraft:stick":12,"minecraft:wooden_pickaxe":2,"minecraft:stone_pickaxe":1,"minecraft:wooden_axe":1,"minecraft:chest":1,"minecraft:torch":16},"minecraft:killed":{"minecraft:skeleton":1,"minecraft:zombie":8,"minecraft:creeper":1,"minecraft:cow":3},"minecraft:custom":{"minecraft:time_since_rest":18211,"minecraft:sprint_one_cm":20093,"minecraft:damage_taken":435,"minecraft:walk_one_cm":107464,"minecraft:mob_kills":13,"minecraft:drop":1,"minecraft:damage_dealt":2157,"minecraft:swim_one_cm":7655,"minecraft:interact_with_crafting_table":8,"minecraft:fly_one_cm":10935,"minecraft:open_chest":6,"minecraft:play_time":32185,"minecraft:crouch_one_cm":1032,"minecraft:deaths":1,"minecraft:sneak_time":317,"minecraft:walk_under_water_one_cm":1587,"minecraft:jump":298,"minecraft:leave_game":4,"minecraft:time_since_death":18129,"minecraft:walk_on_water_one_cm":13555,"minecraft:total_world_time":32185,"minecraft:fall_one_cm":7532},"minecraft:mined":{"croptopia:starfruit_crop":8,"croptopia:pear_crop":8,"minecraft:pumpkin":5,"croptopia:apricot_crop":7,"croptopia:persimmon_crop":9,"minecraft:grass_block":3,"minecraft:oak_log":44,"minecraft:coal_ore":62,"minecraft:dirt":3,"croptopia:lemon_crop":3,"minecraft:cobblestone":1,"minecraft:stone":52,"minecraft:wall_torch":2,"minecraft:oak_leaves":30},"minecraft:dropped":{"minecraft:wooden_sword":1},"minecraft:broken":{"minecraft:wooden_axe":1,"minecraft:wooden_pickaxe":1},"minecraft:used":{"minecraft:wooden_axe":52,"minecraft:stone_pickaxe":107,"croptopia:starfruit":6,"minecraft:chest":1,"minecraft:wooden_pickaxe":38,"minecraft:torch":5,"croptopia:persimmon":9,"minecraft:wooden_sword":44,"minecraft:dirt":2,"minecraft:cobblestone":9,"minecraft:crafting_table":3,"minecraft:oak_sapling":13,"croptopia:pear":7},"minecraft:picked_up":{"minecraft:birch_log":2,"minecraft:stick":4,"croptopia:apricot":7,"minecraft:pumpkin":5,"croptopia:starfruit":8,"minecraft:torch":2,"minecraft:oak_log":44,"minecraft:gunpowder":1,"minecraft:dirt":5,"croptopia:lemon":3,"minecraft:bone":2,"croptopia:pear":7,"minecraft:rotten_flesh":5,"croptopia:persimmon":9,"minecraft:beef":5,"minecraft:oak_sapling":14,"minecraft:coal":62,"minecraft:cobblestone":53}},"DataVersion":3953}