{"stats":{"minecraft:killed_by":{"minecraft:zombie":1},"minecraft:crafted":{"minecraft:cooked_beef":1,"minecraft:wooden_sword":2,"minecraft:oak_planks":44,"minecraft:crafting_table":6,"biomesoplenty:redwood_planks":116,"minecraft:wooden_pickaxe":2,"minecraft:iron_helmet":1,"minecraft:iron_sword":1,"minecraft:furnace":2,"minecraft:cooked_salmon":44,"minecraft:copper_ingot":48,"minecraft:stone_axe":1,"minecraft:air":0,"oritech:nickel_ingot":8,"biomesoplenty:redwood_boat":1,"minecraft:iron_boots":1,"minecraft:iron_chestplate":1,"minecraft:shield":1,"minecraft:iron_axe":1,"minecraft:stick":76,"minecraft:iron_shovel":1,"minecraft:gold_ingot":4,"minecraft:iron_pickaxe":1,"minecraft:iron_ingot":55,"minecraft:stone_pickaxe":4,"minecraft:wooden_axe":1,"minecraft:iron_leggings":1,"minecraft:stone_sword":2,"minecraft:chest":3,"croptopia:cooked_calamari":3,"minecraft:torch":164},"minecraft:killed":{"minecraft:salmon":44,"minecraft:creeper":1,"minecraft:squid":2,"minecraft:skeleton":1,"minecraft:zombie":16,"minecraft:drowned":1,"minecraft:cow":4},"minecraft:custom":{"minecraft:interact_with_furnace":41,"minecraft:mob_kills":69,"minecraft:interact_with_crafting_table":32,"minecraft:leave_game":5,"minecraft:time_since_death":94798,"minecraft:time_since_rest":94880,"minecraft:sprint_one_cm":24847,"minecraft:damage_taken":915,"minecraft:walk_one_cm":252948,"minecraft:drop":11,"minecraft:damage_dealt":5711,"minecraft:swim_one_cm":116384,"minecraft:fly_one_cm":15515,"minecraft:open_chest":38,"minecraft:play_time":108854,"minecraft:crouch_one_cm":6016,"minecraft:deaths":1,"minecraft:sneak_time":3089,"minecraft:walk_under_water_one_cm":41077,"minecraft:boat_one_cm":11814,"minecraft:jump":833,"minecraft:walk_on_water_one_cm":79830,"minecraft:total_world_time":108854,"minecraft:fall_one_cm":17314},"minecraft:mined":{"minecraft:diamond_ore":16,"croptopia:starfruit_crop":8,"minecraft:granite":3,"croptopia:persimmon_crop":9,"minecraft:grass_block":5,"croptopia:lemon_crop":3,"minecraft:copper_ore":14,"minecraft:cobblestone":1,"blockus:marble":3,"minecraft:wall_torch":5,"minecraft:large_fern":1,"minecraft:seagrass":1,"minecraft:tall_seagrass":5,"minecraft:iron_ore":58,"minecraft:cobbled_deepslate":4,"trofers:small_plate":1,"croptopia:pear_crop":8,"minecraft:andesite":7,"minecraft:deepslate_iron_ore":2,"minecraft:pumpkin":5,"minecraft:wither_rose":7,"croptopia:apricot_crop":7,"minecraft:oak_log":44,"minecraft:coal_ore":214,"biomesoplenty:redwood_log":14,"minecraft:dirt":7,"oritech:deepslate_nickel_ore":8,"blockus:limestone":4,"minecraft:stone":143,"minecraft:deepslate":3,"biomesoplenty:redwood_wood":15,"minecraft:oak_leaves":30,"minecraft:podzol":6},"minecraft:dropped":{"minecraft:cobbled_deepslate":4,"minecraft:poisonous_potato":1,"minecraft:rotten_flesh":14,"biomesoplenty:redwood_planks":1,"blockus:limestone":1,"minecraft:wooden_sword":1,"minecraft:wooden_pickaxe":1},"minecraft:broken":{"minecraft:stone_pickaxe":2,"minecraft:wooden_axe":1,"minecraft:wooden_pickaxe":1},"minecraft:used":{"minecraft:stone_sword":48,"minecraft:iron_shovel":1,"croptopia:lemon":3,"minecraft:stone_pickaxe":352,"croptopia:starfruit":8,"croptopia:apricot":7,"minecraft:chest":3,"minecraft:wooden_pickaxe":38,"minecraft:iron_sword":33,"minecraft:cooked_salmon":6,"minecraft:torch":91,"minecraft:dirt":12,"minecraft:crafting_table":6,"minecraft:wooden_axe":52,"minecraft:iron_axe":15,"minecraft:iron_pickaxe":123,"biomesoplenty:redwood_boat":1,"croptopia:persimmon":9,"minecraft:stone_axe":23,"minecraft:wooden_sword":44,"minecraft:cobblestone":16,"minecraft:furnace":2,"minecraft:oak_sapling":15,"trofers:small_plate":1,"croptopia:pear":7},"minecraft:picked_up":{"biomesoplenty:redwood_log":14,"blockus:limestone":4,"minecraft:glow_ink_sac":3,"minecraft:andesite":7,"minecraft:salmon":44,"minecraft:leather":2,"croptopia:glowing_calamari":1,"minecraft:wither_rose":7,"croptopia:calamari":2,"minecraft:oak_log":44,"minecraft:gunpowder":1,"trofers:small_plate":2,"minecraft:dirt":16,"minecraft:raw_copper":48,"minecraft:bone":2,"blockus:marble":3,"croptopia:pear":7,"minecraft:cobbled_deepslate":7,"minecraft:beef":6,"biomesoplenty:redwood_wood":15,"croptopia:roe":44,"minecraft:stick":4,"minecraft:raw_iron":59,"croptopia:apricot":7,"minecraft:pumpkin":5,"croptopia:starfruit":8,"minecraft:torch":9,"minecraft:ink_sac":4,"croptopia:lemon":3,"minecraft:rotten_flesh":15,"croptopia:persimmon":9,"minecraft:diamond":16,"minecraft:granite":3,"oritech:raw_nickel":8,"minecraft:bone_meal":6,"minecraft:oak_sapling":15,"minecraft:coal":214,"minecraft:birch_log":2,"minecraft:cobblestone":141}},"DataVersion":3953}