{"stats":{"minecraft:killed_by":{"minecraft:zombie":1},"minecraft:crafted":{"minecraft:wooden_sword":2,"minecraft:oak_planks":44,"minecraft:crafting_table":3,"minecraft:stick":8,"minecraft:wooden_pickaxe":2,"minecraft:stone_pickaxe":1,"minecraft:wooden_axe":1,"minecraft:chest":1},"minecraft:killed":{"minecraft:skeleton":1,"minecraft:zombie":8,"minecraft:creeper":1,"minecraft:cow":3},"minecraft:custom":{"minecraft:time_since_rest":12316,"minecraft:sprint_one_cm":19938,"minecraft:damage_taken":415,"minecraft:walk_one_cm":94147,"minecraft:mob_kills":13,"minecraft:drop":1,"minecraft:damage_dealt":2157,"minecraft:swim_one_cm":7655,"minecraft:interact_with_crafting_table":8,"minecraft:fly_one_cm":10594,"minecraft:crouch_one_cm":749,"minecraft:open_chest":6,"minecraft:play_time":26290,"minecraft:deaths":1,"minecraft:sneak_time":232,"minecraft:walk_under_water_one_cm":1587,"minecraft:jump":226,"minecraft:leave_game":4,"minecraft:time_since_death":12234,"minecraft:walk_on_water_one_cm":13555,"minecraft:total_world_time":26290,"minecraft:fall_one_cm":5429},"minecraft:mined":{"croptopia:starfruit_crop":8,"croptopia:pear_crop":8,"minecraft:pumpkin":5,"croptopia:apricot_crop":7,"croptopia:persimmon_crop":9,"minecraft:coal_ore":25,"minecraft:grass_block":1,"minecraft:oak_log":44,"minecraft:dirt":1,"croptopia:lemon_crop":3,"minecraft:stone":24,"minecraft:oak_leaves":30},"minecraft:dropped":{"minecraft:wooden_sword":1},"minecraft:broken":{"minecraft:wooden_axe":1,"minecraft:wooden_pickaxe":1},"minecraft:used":{"minecraft:wooden_axe":52,"minecraft:stone_pickaxe":37,"minecraft:chest":1,"minecraft:wooden_pickaxe":38,"croptopia:persimmon":9,"minecraft:wooden_sword":44,"minecraft:dirt":2,"minecraft:cobblestone":8,"minecraft:crafting_table":3,"minecraft:oak_sapling":13,"croptopia:pear":4},"minecraft:picked_up":{"minecraft:birch_log":2,"minecraft:stick":4,"croptopia:apricot":7,"minecraft:pumpkin":5,"croptopia:starfruit":8,"minecraft:oak_log":44,"minecraft:gunpowder":1,"minecraft:dirt":2,"croptopia:pear":7,"croptopia:lemon":3,"minecraft:bone":2,"minecraft:rotten_flesh":5,"croptopia:persimmon":9,"minecraft:beef":5,"minecraft:oak_sapling":14,"minecraft:coal":25,"minecraft:cobblestone":24}},"DataVersion":3953}