{"stats":{"minecraft:broken":{"minecraft:wooden_axe":1,"minecraft:wooden_pickaxe":1},"minecraft:dropped":{"minecraft:wooden_sword":1},"minecraft:used":{"minecraft:wooden_axe":52,"minecraft:chest":1,"minecraft:wooden_pickaxe":34,"croptopia:persimmon":3,"minecraft:wooden_sword":44,"minecraft:dirt":2,"minecraft:cobblestone":8,"minecraft:crafting_table":2,"minecraft:oak_sapling":13},"minecraft:picked_up":{"minecraft:birch_log":2,"minecraft:stick":4,"minecraft:pumpkin":5,"minecraft:oak_log":41,"minecraft:gunpowder":1,"minecraft:dirt":2,"croptopia:persimmon":9,"minecraft:bone":2,"minecraft:rotten_flesh":5,"minecraft:beef":5,"minecraft:oak_sapling":14,"minecraft:cobblestone":8},"minecraft:crafted":{"minecraft:wooden_sword":2,"minecraft:oak_planks":32,"minecraft:crafting_table":2,"minecraft:stick":4,"minecraft:wooden_pickaxe":1,"minecraft:wooden_axe":1,"minecraft:chest":1},"minecraft:mined":{"minecraft:pumpkin":5,"croptopia:persimmon_crop":9,"minecraft:grass_block":1,"minecraft:oak_log":41,"minecraft:dirt":1,"minecraft:stone":8,"minecraft:oak_leaves":21},"minecraft:killed":{"minecraft:skeleton":1,"minecraft:zombie":8,"minecraft:creeper":1,"minecraft:cow":3},"minecraft:killed_by":{"minecraft:zombie":1},"minecraft:custom":{"minecraft:time_since_rest":3117,"minecraft:sprint_one_cm":17939,"minecraft:damage_taken":385,"minecraft:walk_one_cm":73543,"minecraft:mob_kills":13,"minecraft:drop":1,"minecraft:damage_dealt":2157,"minecraft:interact_with_crafting_table":6,"minecraft:swim_one_cm":7655,"minecraft:fly_one_cm":7646,"minecraft:open_chest":6,"minecraft:play_time":17091,"minecraft:deaths":1,"minecraft:sneak_time":15,"minecraft:walk_under_water_one_cm":964,"minecraft:jump":149,"minecraft:leave_game":3,"minecraft:time_since_death":3035,"minecraft:walk_on_water_one_cm":13030,"minecraft:total_world_time":17091,"minecraft:fall_one_cm":2820}},"DataVersion":3953}