{"stats":{"minecraft:mined":{"minecraft:large_fern":1,"minecraft:spruce_leaves":2,"minecraft:spruce_log":2},"minecraft:custom":{"minecraft:jump":13,"minecraft:time_since_rest":8069,"minecraft:damage_taken":40,"minecraft:sprint_one_cm":1310,"minecraft:leave_game":2,"minecraft:play_time":8069,"minecraft:time_since_death":8069,"minecraft:walk_one_cm":11000,"minecraft:total_world_time":8069,"minecraft:fall_one_cm":1902,"minecraft:fly_one_cm":837},"minecraft:picked_up":{"minecraft:spruce_log":2}},"DataVersion":3953}