{"stats":{"minecraft:crafted":{"minecraft:wooden_sword":2,"minecraft:oak_planks":44,"minecraft:furnace":2,"oritech:nickel_ingot":8,"minecraft:iron_boots":2,"minecraft:iron_axe":1,"minecraft:stone_pickaxe":4,"minecraft:chest":3,"croptopia:cooked_calamari":12,"minecraft:cooked_beef":1,"minecraft:crafting_table":6,"biomesoplenty:redwood_planks":116,"minecraft:wooden_pickaxe":2,"minecraft:iron_helmet":1,"minecraft:iron_sword":1,"minecraft:cooked_salmon":44,"minecraft:copper_ingot":48,"minecraft:stone_axe":1,"minecraft:air":0,"biomesoplenty:redwood_boat":1,"minecraft:iron_chestplate":1,"minecraft:shield":1,"minecraft:stick":76,"minecraft:iron_pickaxe":1,"minecraft:iron_ingot":73,"minecraft:wooden_axe":1,"minecraft:stone_sword":2,"minecraft:iron_leggings":1,"minecraft:iron_shovel":1,"minecraft:gold_ingot":5,"minecraft:torch":164},"minecraft:broken":{"minecraft:wooden_pickaxe":1,"minecraft:stone_pickaxe":2,"minecraft:wooden_axe":1},"minecraft:killed_by":{"minecraft:spider":1,"minecraft:skeleton":1,"minecraft:zombie":1},"minecraft:dropped":{"minecraft:poisonous_potato":1,"minecraft:granite":4,"minecraft:dirt":4,"blockus:marble":3,"minecraft:bone_meal":6,"minecraft:wooden_sword":1,"minecraft:gravel":5,"minecraft:cobbled_deepslate":31,"minecraft:rotten_flesh":23,"blockus:limestone":4,"biomesoplenty:redwood_planks":1,"minecraft:oak_planks":1,"minecraft:andesite":7,"minecraft:spruce_wood":3,"minecraft:wooden_pickaxe":1},"minecraft:used":{"minecraft:stone_sword":87,"minecraft:iron_shovel":6,"croptopia:starfruit":8,"minecraft:chest":3,"minecraft:shield":23,"minecraft:iron_sword":42,"minecraft:cooked_salmon":12,"minecraft:torch":156,"minecraft:dirt":12,"minecraft:wooden_axe":52,"minecraft:iron_axe":20,"biomesoplenty:redwood_boat":1,"croptopia:persimmon":9,"minecraft:oak_sapling":15,"minecraft:furnace":2,"minecraft:cooked_beef":1,"croptopia:pear":7,"croptopia:lemon":3,"minecraft:stone_pickaxe":352,"croptopia:apricot":7,"minecraft:wooden_pickaxe":38,"minecraft:crafting_table":6,"minecraft:iron_pickaxe":222,"minecraft:stone_axe":23,"minecraft:wooden_sword":44,"minecraft:cobblestone":74,"trofers:small_plate":1},"minecraft:killed":{"minecraft:skeleton":4,"minecraft:drowned":3,"minecraft:salmon":44,"minecraft:creeper":1,"minecraft:squid":2,"minecraft:zombie":21,"minecraft:cow":4},"minecraft:mined":{"blockus:viridite":1,"minecraft:diamond_ore":20,"minecraft:deepslate_diamond_ore":33,"croptopia:persimmon_crop":9,"minecraft:granite":4,"minecraft:grass_block":5,"minecraft:redstone_wire":1,"oritech:deepslate_platinum_ore":2,"minecraft:large_fern":1,"minecraft:tall_seagrass":5,"minecraft:furnace":2,"minecraft:iron_ore":58,"minecraft:cobbled_deepslate":4,"minecraft:andesite":7,"minecraft:pumpkin":5,"minecraft:water_cauldron":1,"biomesoplenty:redwood_log":14,"minecraft:deepslate_iron_ore":16,"minecraft:spruce_wood":4,"minecraft:stone":143,"minecraft:podzol":7,"minecraft:deepslate_redstone_ore":5,"croptopia:starfruit_crop":8,"croptopia:lemon_crop":3,"minecraft:copper_ore":14,"minecraft:cobblestone":10,"blockus:marble":3,"minecraft:deepslate_gold_ore":1,"minecraft:wall_torch":5,"minecraft:seagrass":1,"trofers:small_plate":1,"croptopia:pear_crop":8,"minecraft:wither_rose":7,"croptopia:apricot_crop":7,"minecraft:oak_log":44,"minecraft:coal_ore":214,"minecraft:gravel":5,"minecraft:dirt":7,"oritech:deepslate_nickel_ore":8,"blockus:limestone":4,"biomesoplenty:redwood_wood":15,"minecraft:oak_leaves":34,"minecraft:deepslate":29,"minecraft:fern":1},"minecraft:custom":{"minecraft:mob_kills":79,"minecraft:interact_with_crafting_table":36,"minecraft:leave_game":6,"minecraft:time_since_death":39016,"minecraft:sprint_one_cm":61397,"minecraft:walk_one_cm":364824,"minecraft:damage_blocked_by_shield":1650,"minecraft:drop":24,"minecraft:play_time":153279,"minecraft:deaths":3,"minecraft:sneak_time":3870,"minecraft:walk_under_water_one_cm":62511,"minecraft:boat_one_cm":11814,"minecraft:jump":1285,"minecraft:walk_on_water_one_cm":112180,"minecraft:total_world_time":153279,"minecraft:interact_with_furnace":59,"minecraft:time_since_rest":39147,"minecraft:damage_taken":1870,"minecraft:damage_dealt":7885,"minecraft:swim_one_cm":173966,"minecraft:fly_one_cm":35738,"minecraft:open_chest":46,"minecraft:crouch_one_cm":8130,"minecraft:fall_one_cm":24593},"minecraft:picked_up":{"biomesoplenty:redwood_log":14,"blockus:limestone":4,"minecraft:iron_chestplate":2,"minecraft:wither_rose":7,"croptopia:calamari":2,"minecraft:shield":2,"minecraft:raw_copper":48,"minecraft:iron_axe":2,"minecraft:cooked_salmon":76,"minecraft:iron_leggings":2,"minecraft:iron_shovel":2,"blockus:marble":3,"croptopia:pear":7,"minecraft:cobbled_deepslate":31,"minecraft:beef":6,"minecraft:iron_pickaxe":2,"biomesoplenty:redwood_wood":15,"minecraft:iron_boots":1,"minecraft:furnace":2,"minecraft:stick":24,"minecraft:raw_iron":73,"minecraft:copper_ingot":1,"minecraft:torch":161,"oritech:raw_platinum":2,"minecraft:redstone":24,"minecraft:cauldron":1,"biomesoplenty:redwood_planks":88,"minecraft:stone_sword":1,"minecraft:arrow":6,"minecraft:rotten_flesh":28,"croptopia:persimmon":9,"oritech:raw_nickel":8,"minecraft:cobblestone":329,"minecraft:birch_log":2,"minecraft:cooked_beef":2,"minecraft:glow_ink_sac":32,"minecraft:andesite":21,"minecraft:salmon":44,"minecraft:leather":2,"croptopia:glowing_calamari":11,"minecraft:oak_log":44,"minecraft:gunpowder":1,"trofers:small_plate":2,"croptopia:cooked_calamari":6,"minecraft:dirt":16,"minecraft:bone":6,"minecraft:bow":1,"minecraft:raw_gold":1,"minecraft:spruce_wood":3,"croptopia:roe":44,"croptopia:apricot":7,"minecraft:pumpkin":5,"croptopia:starfruit":8,"minecraft:gravel":5,"minecraft:ink_sac":4,"blockus:viridite":2,"croptopia:lemon":3,"minecraft:diamond":53,"minecraft:iron_helmet":2,"minecraft:granite":4,"minecraft:bone_meal":6,"minecraft:oak_sapling":15,"minecraft:coal":214}},"DataVersion":3953}