{"stats":{"minecraft:crafted":{"minecraft:oak_planks":64,"minecraft:crafting_table":1,"minecraft:stick":8,"minecraft:wooden_axe":2,"minecraft:birch_planks":16},"minecraft:killed":{"minecraft:cow":1},"minecraft:custom":{"minecraft:time_since_rest":33144,"minecraft:sprint_one_cm":99631,"minecraft:damage_taken":60,"minecraft:walk_one_cm":97597,"minecraft:mob_kills":2,"minecraft:damage_dealt":298,"minecraft:swim_one_cm":25803,"minecraft:interact_with_crafting_table":4,"minecraft:fly_one_cm":23893,"minecraft:open_chest":2,"minecraft:crouch_one_cm":114,"minecraft:play_time":33144,"minecraft:sneak_time":107,"minecraft:walk_under_water_one_cm":4496,"minecraft:jump":299,"minecraft:leave_game":2,"minecraft:walk_on_water_one_cm":19999,"minecraft:time_since_death":33144,"minecraft:climb_one_cm":856,"minecraft:total_world_time":33144,"minecraft:fall_one_cm":3926},"minecraft:mined":{"minecraft:birch_log":5,"minecraft:pumpkin":1,"minecraft:crafting_table":1,"croptopia:persimmon_crop":7,"minecraft:short_grass":25,"minecraft:grass_block":19,"minecraft:chest":2,"minecraft:dirt":6,"minecraft:oak_leaves":13},"minecraft:broken":{"minecraft:wooden_sword":1},"minecraft:used":{"minecraft:wooden_sword":32,"minecraft:beef":4,"minecraft:crafting_table":2,"minecraft:birch_log":1},"minecraft:picked_up":{"minecraft:birch_log":5,"minecraft:stick":4,"minecraft:crafting_table":1,"minecraft:pumpkin":1,"minecraft:leather":5,"minecraft:dandelion":1,"minecraft:oak_log":33,"minecraft:gunpowder":1,"minecraft:dirt":25,"minecraft:wooden_sword":2,"minecraft:bone":2,"minecraft:rotten_flesh":5,"croptopia:persimmon":2,"minecraft:wheat_seeds":3,"minecraft:beef":8,"minecraft:oak_sapling":6,"minecraft:chest":2,"minecraft:oak_planks":4}},"DataVersion":3953}