{"stats":{"minecraft:crafted":{"minecraft:oak_door":3,"minecraft:oak_planks":348,"minecraft:cobblestone_slab":6,"minecraft:cobblestone_stairs":12,"minecraft:cooked_mutton":3,"minecraft:glass":34,"minecraft:oak_fence":33,"extshape:oak_log_stairs":52,"minecraft:gray_bed":1,"minecraft:wheat":63,"minecraft:white_banner":1,"minecraft:wooden_shovel":2,"minecraft:crafting_table":2,"minecraft:wooden_pickaxe":3,"minecraft:birch_planks":16,"minecraft:stone_axe":2,"minecraft:oak_fence_gate":2,"minecraft:iron_chestplate":1,"mcwfences:oak_horse_fence":21,"minecraft:stick":68,"minecraft:iron_pickaxe":1,"minecraft:oak_stairs":4,"minecraft:wooden_axe":6,"minecraft:iron_leggings":1,"minecraft:white_bed":1},"minecraft:dropped":{"minecraft:cobblestone":17,"minecraft:granite":1,"minecraft:dirt":72,"minecraft:pumpkin_pie":1,"minecraft:oak_planks":1},"minecraft:custom":{"minecraft:mob_kills":11,"minecraft:animals_bred":2,"minecraft:interact_with_crafting_table":48,"minecraft:open_barrel":4,"minecraft:leave_game":6,"minecraft:time_since_death":275659,"minecraft:climb_one_cm":5662,"minecraft:sprint_one_cm":637211,"minecraft:walk_one_cm":1163345,"minecraft:drop":6,"minecraft:play_time":310733,"minecraft:deaths":1,"minecraft:sneak_time":1358,"minecraft:walk_under_water_one_cm":5277,"minecraft:boat_one_cm":43724,"minecraft:jump":1496,"minecraft:walk_on_water_one_cm":28374,"minecraft:total_world_time":310733,"minecraft:interact_with_furnace":12,"minecraft:interact_with_loom":2,"minecraft:sleep_in_bed":14,"minecraft:time_since_rest":17617,"minecraft:damage_taken":1112,"minecraft:damage_dealt":1337,"minecraft:swim_one_cm":36913,"minecraft:fly_one_cm":145039,"minecraft:open_chest":94,"minecraft:crouch_one_cm":2539,"minecraft:interact_with_smoker":1,"minecraft:fall_one_cm":30262},"minecraft:broken":{"minecraft:wooden_shovel":1,"minecraft:wooden_pickaxe":2,"minecraft:wooden_sword":2,"minecraft:stone_axe":2,"minecraft:iron_pickaxe":1,"minecraft:wooden_axe":4},"minecraft:mined":{"croptopia:persimmon_crop":7,"minecraft:granite":7,"minecraft:grass_block":173,"minecraft:oak_pressure_plate":4,"minecraft:oxeye_daisy":2,"minecraft:rooted_dirt":1,"minecraft:hay_block":7,"biomesoplenty:jacaranda_log":7,"biomesoplenty:tall_lavender":4,"minecraft:furnace":7,"extshape:oak_log_stairs":2,"biomesoplenty:lavender":58,"minecraft:pumpkin":1,"cookingforblockheads:white_oven":2,"minecraft:cobblestone_slab":5,"minecraft:oak_stairs":53,"minecraft:stripped_oak_log":2,"minecraft:stone":215,"cookingforblockheads:cooking_table":1,"biomesoplenty:jacaranda_leaves":1,"minecraft:blue_banner":1,"minecraft:oak_slab":11,"minecraft:scaffolding":3,"minecraft:glass_pane":1,"minecraft:red_bed":6,"minecraft:smoker":2,"minecraft:dandelion":5,"minecraft:oak_fence":7,"minecraft:cornflower":2,"minecraft:crafting_table":5,"minecraft:torch":5,"minecraft:short_grass":211,"minecraft:poppy":1,"minecraft:chest":8,"minecraft:dead_bush":1,"minecraft:glass":12,"minecraft:tall_grass":20,"minecraft:cobblestone":22,"minecraft:oak_planks":360,"minecraft:wall_torch":9,"biomesoplenty:goldenrod":20,"minecraft:birch_planks":10,"minecraft:birch_log":5,"minecraft:white_wall_banner":1,"minecraft:yellow_bed":1,"minecraft:oak_log":96,"minecraft:loom":1,"minecraft:gravel":6,"minecraft:dirt":66,"minecraft:oak_leaves":43},"minecraft:picked_up":{"minecraft:wooden_axe":1,"minecraft:crafting_table":6,"minecraft:oak_stairs":44,"biomesoplenty:jacaranda_sapling":1,"minecraft:cornflower":2,"minecraft:red_bed":6,"minecraft:wooden_sword":3,"biomesoplenty:tall_lavender":4,"minecraft:beef":10,"minecraft:cobblestone_slab":5,"minecraft:poppy":1,"minecraft:chest":10,"minecraft:egg":6,"minecraft:furnace":7,"extshape:oak_log_stairs":2,"minecraft:stick":18,"minecraft:oak_door":1,"minecraft:oak_fence":7,"minecraft:torch":53,"biomesoplenty:jacaranda_log":7,"minecraft:rotten_flesh":10,"croptopia:persimmon":4,"minecraft:hay_block":7,"minecraft:gold_ingot":10,"minecraft:mutton":9,"minecraft:white_wool":6,"minecraft:cobblestone":218,"minecraft:oxeye_daisy":3,"minecraft:stripped_oak_log":2,"biomesoplenty:lavender":61,"minecraft:birch_log":5,"minecraft:feather":1,"cookingforblockheads:cooking_table":1,"minecraft:leather":10,"biomesoplenty:goldenrod":16,"minecraft:smoker":2,"minecraft:potato":8,"minecraft:birch_planks":24,"minecraft:flint":1,"minecraft:oak_log":144,"minecraft:yellow_bed":1,"minecraft:gunpowder":2,"croptopia:cooked_calamari":2,"minecraft:dirt":246,"minecraft:white_banner":1,"cookingforblockheads:white_oven":1,"minecraft:bone":4,"minecraft:apple":11,"minecraft:wheat_seeds":32,"morediscs:music_disc_left_shift":4,"minecraft:oak_planks":345,"minecraft:oak_slab":9,"minecraft:scaffolding":3,"minecraft:cooked_porkchop":1,"minecraft:pumpkin":2,"minecraft:dandelion":8,"minecraft:oak_pressure_plate":6,"minecraft:gravel":5,"minecraft:loom":1,"minecraft:granite":1,"minecraft:gray_wool":1,"minecraft:bread":13,"minecraft:blue_banner":1,"minecraft:rooted_dirt":1,"minecraft:oak_sapling":22,"minecraft:coal":108},"minecraft:killed_by":{"minecraft:skeleton":1},"minecraft:killed":{"minecraft:sheep":7,"minecraft:villager":2,"minecraft:cow":1},"minecraft:used":{"minecraft:oak_fence":39,"minecraft:chest":8,"minecraft:wooden_shovel":113,"minecraft:oak_door":2,"minecraft:torch":49,"minecraft:dirt":109,"mcwfences:oak_horse_fence":14,"minecraft:oak_fence_gate":2,"minecraft:glass":105,"minecraft:wooden_axe":284,"minecraft:oak_stairs":28,"biomesoplenty:jacaranda_log":1,"minecraft:blue_banner":1,"minecraft:beef":6,"minecraft:furnace":9,"minecraft:gray_bed":1,"cookingforblockheads:cooking_table":1,"minecraft:cobblestone_stairs":12,"minecraft:birch_planks":21,"minecraft:oak_planks":1017,"minecraft:wooden_pickaxe":129,"minecraft:cobblestone_slab":11,"minecraft:green_bed":1,"minecraft:oak_slab":6,"minecraft:crafting_table":8,"minecraft:loom":1,"minecraft:red_bed":4,"minecraft:white_bed":1,"minecraft:smoker":4,"minecraft:oak_log":9,"minecraft:apple":1,"minecraft:bread":19,"minecraft:iron_pickaxe":250,"minecraft:oak_pressure_plate":6,"extshape:oak_log_stairs":46,"minecraft:stone_axe":266,"minecraft:wooden_sword":73,"minecraft:cobblestone":352,"minecraft:white_banner":3,"minecraft:cooked_porkchop":1,"minecraft:red_banner":1,"minecraft:birch_log":1,"cookingforblockheads:white_oven":1,"minecraft:yellow_bed":1,"minecraft:pumpkin_pie":8}},"DataVersion":3953}