{"stats":{"minecraft:killed_by":{"minecraft:skeleton":1},"minecraft:crafted":{"minecraft:oak_door":3,"minecraft:oak_planks":264,"minecraft:wooden_shovel":1,"minecraft:crafting_table":1,"minecraft:birch_planks":16,"minecraft:oak_fence_gate":2,"minecraft:stick":36,"minecraft:oak_stairs":4,"minecraft:wooden_axe":2,"minecraft:white_bed":1,"minecraft:oak_fence":33,"minecraft:wheat":63},"minecraft:killed":{"minecraft:sheep":7,"minecraft:cow":1},"minecraft:custom":{"minecraft:mob_kills":9,"minecraft:animals_bred":2,"minecraft:interact_with_crafting_table":20,"minecraft:open_barrel":4,"minecraft:leave_game":2,"minecraft:time_since_death":76070,"minecraft:sleep_in_bed":3,"minecraft:climb_one_cm":5662,"minecraft:time_since_rest":0,"minecraft:sprint_one_cm":298074,"minecraft:damage_taken":390,"minecraft:walk_one_cm":322765,"minecraft:damage_dealt":896,"minecraft:swim_one_cm":36913,"minecraft:fly_one_cm":75822,"minecraft:open_chest":6,"minecraft:crouch_one_cm":212,"minecraft:play_time":111144,"minecraft:deaths":1,"minecraft:sneak_time":221,"minecraft:walk_under_water_one_cm":5277,"minecraft:boat_one_cm":43724,"minecraft:jump":718,"minecraft:walk_on_water_one_cm":28374,"minecraft:total_world_time":111144,"minecraft:fall_one_cm":12640},"minecraft:mined":{"minecraft:scaffolding":3,"minecraft:red_bed":4,"minecraft:dandelion":2,"minecraft:oak_fence":3,"minecraft:crafting_table":3,"minecraft:cornflower":1,"croptopia:persimmon_crop":7,"minecraft:short_grass":182,"minecraft:grass_block":89,"minecraft:poppy":1,"minecraft:chest":2,"minecraft:dead_bush":1,"minecraft:tall_grass":18,"minecraft:oak_planks":5,"minecraft:oxeye_daisy":2,"minecraft:rooted_dirt":1,"minecraft:wall_torch":3,"biomesoplenty:goldenrod":20,"minecraft:hay_block":7,"minecraft:birch_planks":4,"biomesoplenty:tall_lavender":1,"minecraft:birch_log":5,"biomesoplenty:lavender":32,"minecraft:pumpkin":1,"minecraft:oak_log":37,"minecraft:dirt":12,"minecraft:oak_leaves":24},"minecraft:broken":{"minecraft:wooden_shovel":1,"minecraft:wooden_sword":2},"minecraft:used":{"minecraft:oak_fence":35,"minecraft:birch_planks":20,"minecraft:oak_planks":181,"minecraft:chest":2,"minecraft:wooden_shovel":72,"minecraft:oak_door":2,"minecraft:torch":3,"minecraft:dirt":59,"minecraft:crafting_table":4,"minecraft:red_bed":2,"minecraft:white_bed":1,"minecraft:oak_fence_gate":2,"minecraft:oak_log":2,"minecraft:wooden_axe":69,"minecraft:oak_stairs":4,"minecraft:bread":7,"minecraft:wooden_sword":73,"minecraft:beef":6,"minecraft:birch_log":1},"minecraft:picked_up":{"minecraft:wooden_axe":1,"biomesoplenty:lavender":30,"minecraft:birch_log":5,"minecraft:crafting_table":4,"minecraft:feather":1,"minecraft:leather":10,"biomesoplenty:goldenrod":16,"minecraft:potato":8,"minecraft:birch_planks":20,"minecraft:oak_log":85,"minecraft:gunpowder":2,"minecraft:cornflower":1,"minecraft:dirt":124,"minecraft:red_bed":4,"minecraft:wooden_sword":3,"biomesoplenty:tall_lavender":1,"minecraft:bone":4,"minecraft:apple":10,"minecraft:wheat_seeds":25,"minecraft:beef":10,"minecraft:poppy":1,"minecraft:chest":4,"minecraft:oak_planks":63,"minecraft:egg":4,"minecraft:scaffolding":3,"minecraft:stick":12,"minecraft:pumpkin":2,"minecraft:oak_fence":3,"minecraft:torch":6,"minecraft:dandelion":4,"minecraft:rotten_flesh":10,"croptopia:persimmon":4,"minecraft:hay_block":7,"minecraft:gray_wool":1,"minecraft:bread":13,"minecraft:rooted_dirt":1,"minecraft:oak_sapling":14,"minecraft:mutton":9,"minecraft:white_wool":6,"minecraft:oxeye_daisy":3}},"DataVersion":3953}