{"stats":{"minecraft:killed_by":{"minecraft:skeleton":1},"minecraft:crafted":{"minecraft:oak_planks":128,"minecraft:wooden_shovel":1,"minecraft:crafting_table":1,"minecraft:stick":8,"minecraft:wooden_axe":2,"minecraft:birch_planks":16},"minecraft:killed":{"minecraft:sheep":1,"minecraft:cow":1},"minecraft:custom":{"minecraft:time_since_rest":22169,"minecraft:sprint_one_cm":156507,"minecraft:damage_taken":350,"minecraft:walk_one_cm":155903,"minecraft:mob_kills":3,"minecraft:damage_dealt":388,"minecraft:swim_one_cm":36913,"minecraft:interact_with_crafting_table":6,"minecraft:fly_one_cm":31658,"minecraft:open_chest":3,"minecraft:crouch_one_cm":114,"minecraft:play_time":57144,"minecraft:deaths":1,"minecraft:sneak_time":107,"minecraft:walk_under_water_one_cm":5277,"minecraft:boat_one_cm":43724,"minecraft:jump":466,"minecraft:leave_game":2,"minecraft:walk_on_water_one_cm":28374,"minecraft:time_since_death":22070,"minecraft:climb_one_cm":1052,"minecraft:total_world_time":57144,"minecraft:fall_one_cm":6552},"minecraft:mined":{"minecraft:birch_planks":3,"biomesoplenty:tall_lavender":1,"minecraft:birch_log":5,"biomesoplenty:lavender":29,"minecraft:pumpkin":1,"minecraft:crafting_table":3,"croptopia:persimmon_crop":7,"minecraft:short_grass":78,"minecraft:oak_log":1,"minecraft:grass_block":53,"minecraft:chest":2,"minecraft:dead_bush":1,"minecraft:dirt":9,"minecraft:tall_grass":12,"minecraft:oak_leaves":18,"minecraft:wall_torch":3,"biomesoplenty:goldenrod":1},"minecraft:broken":{"minecraft:wooden_sword":1},"minecraft:used":{"minecraft:oak_log":2,"minecraft:wooden_axe":2,"minecraft:birch_planks":18,"minecraft:bread":1,"minecraft:oak_planks":117,"minecraft:chest":2,"minecraft:wooden_shovel":27,"minecraft:torch":3,"minecraft:wooden_sword":32,"minecraft:beef":6,"minecraft:crafting_table":4,"minecraft:birch_log":1},"minecraft:picked_up":{"biomesoplenty:lavender":29,"minecraft:birch_log":5,"minecraft:stick":12,"minecraft:crafting_table":4,"minecraft:feather":1,"minecraft:pumpkin":2,"biomesoplenty:goldenrod":1,"minecraft:leather":10,"minecraft:torch":6,"minecraft:dandelion":2,"minecraft:potato":8,"minecraft:birch_planks":19,"minecraft:oak_log":51,"minecraft:gunpowder":2,"minecraft:dirt":87,"minecraft:wooden_sword":3,"minecraft:apple":10,"biomesoplenty:tall_lavender":1,"minecraft:bone":4,"minecraft:rotten_flesh":10,"croptopia:persimmon":4,"minecraft:wheat_seeds":10,"minecraft:beef":10,"minecraft:bread":13,"minecraft:oak_sapling":12,"minecraft:mutton":1,"minecraft:chest":4,"minecraft:oak_planks":58,"minecraft:oxeye_daisy":1,"minecraft:white_wool":1,"minecraft:wooden_axe":1}},"DataVersion":3953}