{"stats":{"minecraft:custom":{"minecraft:jump":15,"minecraft:time_since_rest":1965,"minecraft:walk_on_water_one_cm":641,"minecraft:damage_dealt":10,"minecraft:crouch_one_cm":71,"minecraft:sprint_one_cm":33,"minecraft:leave_game":1,"minecraft:play_time":1965,"minecraft:damage_taken":10,"minecraft:time_since_death":1965,"minecraft:walk_one_cm":10181,"minecraft:sneak_time":75,"minecraft:total_world_time":1965,"minecraft:walk_under_water_one_cm":1315,"minecraft:swim_one_cm":2398,"minecraft:fall_one_cm":209,"minecraft:fly_one_cm":40}},"DataVersion":3953}