{"stats":{"minecraft:crafted":{"minecraft:oak_door":3,"minecraft:oak_planks":324,"minecraft:cobblestone_slab":6,"minecraft:cooked_mutton":3,"minecraft:glass":34,"minecraft:oak_fence":33,"minecraft:gray_bed":1,"minecraft:wheat":63,"minecraft:wooden_shovel":1,"minecraft:crafting_table":2,"minecraft:wooden_pickaxe":2,"minecraft:birch_planks":16,"minecraft:stone_axe":2,"minecraft:oak_fence_gate":2,"minecraft:iron_chestplate":1,"minecraft:stick":68,"minecraft:iron_pickaxe":1,"minecraft:oak_stairs":4,"minecraft:wooden_axe":2,"minecraft:iron_leggings":1,"minecraft:white_bed":1},"minecraft:dropped":{"minecraft:cobblestone":17},"minecraft:custom":{"minecraft:mob_kills":11,"minecraft:animals_bred":2,"minecraft:interact_with_crafting_table":34,"minecraft:open_barrel":4,"minecraft:leave_game":5,"minecraft:time_since_death":187654,"minecraft:climb_one_cm":5662,"minecraft:sprint_one_cm":449095,"minecraft:walk_one_cm":795361,"minecraft:drop":1,"minecraft:play_time":222728,"minecraft:deaths":1,"minecraft:sneak_time":975,"minecraft:walk_under_water_one_cm":5277,"minecraft:boat_one_cm":43724,"minecraft:jump":1175,"minecraft:walk_on_water_one_cm":28374,"minecraft:total_world_time":222728,"minecraft:interact_with_furnace":12,"minecraft:interact_with_loom":2,"minecraft:sleep_in_bed":10,"minecraft:time_since_rest":24155,"minecraft:damage_taken":706,"minecraft:damage_dealt":1333,"minecraft:swim_one_cm":36913,"minecraft:fly_one_cm":109337,"minecraft:open_chest":34,"minecraft:crouch_one_cm":2036,"minecraft:interact_with_smoker":1,"minecraft:fall_one_cm":20191},"minecraft:broken":{"minecraft:wooden_shovel":1,"minecraft:wooden_sword":2,"minecraft:stone_axe":2,"minecraft:iron_pickaxe":1,"minecraft:wooden_axe":1},"minecraft:mined":{"croptopia:persimmon_crop":7,"minecraft:grass_block":158,"minecraft:oak_pressure_plate":4,"minecraft:oxeye_daisy":2,"minecraft:rooted_dirt":1,"minecraft:hay_block":7,"biomesoplenty:jacaranda_log":7,"biomesoplenty:tall_lavender":2,"minecraft:furnace":7,"biomesoplenty:lavender":56,"minecraft:pumpkin":1,"minecraft:cobblestone_slab":5,"minecraft:oak_stairs":21,"minecraft:stripped_oak_log":2,"minecraft:stone":215,"biomesoplenty:jacaranda_leaves":1,"minecraft:blue_banner":1,"minecraft:oak_slab":8,"minecraft:scaffolding":3,"minecraft:glass_pane":1,"minecraft:red_bed":6,"minecraft:smoker":2,"minecraft:dandelion":5,"minecraft:oak_fence":7,"minecraft:cornflower":1,"minecraft:crafting_table":5,"minecraft:torch":3,"minecraft:short_grass":207,"minecraft:poppy":1,"minecraft:chest":8,"minecraft:dead_bush":1,"minecraft:tall_grass":20,"minecraft:cobblestone":8,"minecraft:oak_planks":169,"minecraft:wall_torch":8,"biomesoplenty:goldenrod":20,"minecraft:birch_planks":9,"minecraft:birch_log":5,"minecraft:yellow_bed":1,"minecraft:oak_log":75,"minecraft:loom":1,"minecraft:gravel":6,"minecraft:dirt":46,"minecraft:oak_leaves":34},"minecraft:picked_up":{"minecraft:wooden_axe":1,"minecraft:crafting_table":6,"minecraft:oak_stairs":21,"biomesoplenty:jacaranda_sapling":1,"minecraft:cornflower":1,"minecraft:red_bed":6,"minecraft:wooden_sword":3,"biomesoplenty:tall_lavender":2,"minecraft:beef":10,"minecraft:cobblestone_slab":5,"minecraft:poppy":1,"minecraft:chest":10,"minecraft:egg":4,"minecraft:furnace":7,"minecraft:stick":15,"minecraft:oak_door":1,"minecraft:oak_fence":7,"minecraft:torch":49,"biomesoplenty:jacaranda_log":7,"minecraft:rotten_flesh":10,"croptopia:persimmon":4,"minecraft:hay_block":7,"minecraft:gold_ingot":10,"minecraft:mutton":9,"minecraft:white_wool":6,"minecraft:cobblestone":205,"minecraft:oxeye_daisy":3,"minecraft:stripped_oak_log":2,"biomesoplenty:lavender":53,"minecraft:birch_log":5,"minecraft:feather":1,"minecraft:leather":10,"biomesoplenty:goldenrod":16,"minecraft:smoker":2,"minecraft:potato":8,"minecraft:birch_planks":23,"minecraft:flint":1,"minecraft:oak_log":123,"minecraft:yellow_bed":1,"minecraft:gunpowder":2,"croptopia:cooked_calamari":2,"minecraft:dirt":218,"minecraft:bone":4,"minecraft:apple":11,"minecraft:wheat_seeds":31,"morediscs:music_disc_left_shift":4,"minecraft:oak_planks":213,"minecraft:oak_slab":8,"minecraft:scaffolding":3,"minecraft:cooked_porkchop":1,"minecraft:pumpkin":2,"minecraft:dandelion":8,"minecraft:oak_pressure_plate":6,"minecraft:gravel":5,"minecraft:loom":1,"minecraft:gray_wool":1,"minecraft:bread":13,"minecraft:blue_banner":1,"minecraft:rooted_dirt":1,"minecraft:oak_sapling":17,"minecraft:coal":108},"minecraft:killed_by":{"minecraft:skeleton":1},"minecraft:killed":{"minecraft:sheep":7,"minecraft:villager":2,"minecraft:cow":1},"minecraft:used":{"minecraft:oak_fence":39,"minecraft:chest":8,"minecraft:wooden_shovel":72,"minecraft:oak_door":2,"minecraft:torch":38,"minecraft:dirt":94,"minecraft:oak_fence_gate":2,"minecraft:glass":34,"minecraft:wooden_axe":78,"minecraft:oak_stairs":25,"biomesoplenty:jacaranda_log":1,"minecraft:beef":6,"minecraft:furnace":9,"minecraft:gray_bed":1,"minecraft:birch_planks":20,"minecraft:oak_planks":756,"minecraft:wooden_pickaxe":70,"minecraft:cobblestone_slab":11,"minecraft:green_bed":1,"minecraft:oak_slab":6,"minecraft:crafting_table":7,"minecraft:loom":1,"minecraft:red_bed":4,"minecraft:white_bed":1,"minecraft:smoker":4,"minecraft:oak_log":2,"minecraft:apple":1,"minecraft:bread":12,"minecraft:iron_pickaxe":250,"minecraft:oak_pressure_plate":6,"minecraft:stone_axe":266,"minecraft:wooden_sword":73,"minecraft:cobblestone":185,"minecraft:cooked_porkchop":1,"minecraft:birch_log":1,"minecraft:yellow_bed":1,"minecraft:pumpkin_pie":2}},"DataVersion":3953}