{"stats":{"minecraft:used":{"minecraft:wooden_sword":25},"minecraft:picked_up":{"minecraft:birch_log":4,"minecraft:wooden_sword":2,"minecraft:stick":2,"minecraft:pumpkin":1,"minecraft:bone":2,"minecraft:rotten_flesh":5,"croptopia:persimmon":2,"minecraft:leather":5,"minecraft:beef":8,"minecraft:oak_log":33,"minecraft:gunpowder":1,"minecraft:oak_sapling":1,"minecraft:oak_planks":4},"minecraft:mined":{"croptopia:persimmon_crop":7,"minecraft:short_grass":3,"minecraft:birch_log":4,"minecraft:pumpkin":1,"minecraft:oak_leaves":3},"minecraft:killed":{"minecraft:cow":1},"minecraft:custom":{"minecraft:time_since_rest":9212,"minecraft:crouch_one_cm":114,"minecraft:play_time":9212,"minecraft:sprint_one_cm":22523,"minecraft:damage_taken":40,"minecraft:walk_one_cm":38515,"minecraft:sneak_time":107,"minecraft:walk_under_water_one_cm":1571,"minecraft:mob_kills":2,"minecraft:jump":76,"minecraft:damage_dealt":298,"minecraft:leave_game":2,"minecraft:time_since_death":9212,"minecraft:walk_on_water_one_cm":10533,"minecraft:total_world_time":9212,"minecraft:swim_one_cm":2714,"minecraft:interact_with_crafting_table":1,"minecraft:fall_one_cm":967,"minecraft:fly_one_cm":4473}},"DataVersion":3953}