{"stats":{"minecraft:killed":{"minecraft:cow":1},"minecraft:custom":{"minecraft:time_since_rest":21144,"minecraft:crouch_one_cm":114,"minecraft:play_time":21144,"minecraft:sprint_one_cm":66140,"minecraft:damage_taken":60,"minecraft:walk_one_cm":70505,"minecraft:sneak_time":107,"minecraft:walk_under_water_one_cm":4496,"minecraft:mob_kills":2,"minecraft:jump":258,"minecraft:damage_dealt":298,"minecraft:leave_game":2,"minecraft:time_since_death":21144,"minecraft:walk_on_water_one_cm":19999,"minecraft:total_world_time":21144,"minecraft:swim_one_cm":25803,"minecraft:interact_with_crafting_table":1,"minecraft:fall_one_cm":2463,"minecraft:fly_one_cm":14058},"minecraft:mined":{"croptopia:persimmon_crop":7,"minecraft:short_grass":3,"minecraft:grass_block":19,"minecraft:dirt":6,"minecraft:birch_log":5,"minecraft:pumpkin":1,"minecraft:oak_leaves":13},"minecraft:broken":{"minecraft:wooden_sword":1},"minecraft:used":{"minecraft:wooden_sword":32,"minecraft:beef":4,"minecraft:birch_log":1},"minecraft:picked_up":{"minecraft:birch_log":5,"minecraft:wooden_sword":2,"minecraft:stick":4,"minecraft:bone":2,"minecraft:pumpkin":1,"minecraft:rotten_flesh":5,"croptopia:persimmon":2,"minecraft:leather":5,"minecraft:beef":8,"minecraft:oak_log":33,"minecraft:oak_sapling":2,"minecraft:gunpowder":1,"minecraft:oak_planks":4,"minecraft:dirt":25}},"DataVersion":3953}