{"stats":{"minecraft:killed_by":{"minecraft:skeleton":1},"minecraft:crafted":{"minecraft:oak_door":3,"minecraft:oak_planks":200,"minecraft:wooden_shovel":1,"minecraft:crafting_table":1,"minecraft:birch_planks":16,"minecraft:oak_fence_gate":1,"minecraft:stick":36,"minecraft:wooden_axe":2,"minecraft:white_bed":1,"minecraft:oak_fence":27},"minecraft:killed":{"minecraft:sheep":4,"minecraft:cow":1},"minecraft:custom":{"minecraft:mob_kills":6,"minecraft:interact_with_crafting_table":16,"minecraft:leave_game":2,"minecraft:time_since_death":46070,"minecraft:sleep_in_bed":1,"minecraft:climb_one_cm":1052,"minecraft:time_since_rest":5845,"minecraft:sprint_one_cm":219353,"minecraft:damage_taken":350,"minecraft:walk_one_cm":194357,"minecraft:damage_dealt":654,"minecraft:swim_one_cm":36913,"minecraft:fly_one_cm":52480,"minecraft:open_chest":3,"minecraft:crouch_one_cm":114,"minecraft:play_time":81144,"minecraft:deaths":1,"minecraft:sneak_time":107,"minecraft:walk_under_water_one_cm":5277,"minecraft:boat_one_cm":43724,"minecraft:jump":573,"minecraft:walk_on_water_one_cm":28374,"minecraft:total_world_time":81144,"minecraft:fall_one_cm":9234},"minecraft:mined":{"minecraft:oak_fence":2,"minecraft:crafting_table":3,"minecraft:cornflower":1,"croptopia:persimmon_crop":7,"minecraft:short_grass":104,"minecraft:grass_block":53,"minecraft:chest":2,"minecraft:dead_bush":1,"minecraft:tall_grass":14,"minecraft:oxeye_daisy":1,"minecraft:rooted_dirt":1,"minecraft:wall_torch":3,"biomesoplenty:goldenrod":9,"minecraft:birch_planks":4,"biomesoplenty:tall_lavender":1,"minecraft:birch_log":5,"biomesoplenty:lavender":32,"minecraft:pumpkin":1,"minecraft:oak_log":22,"minecraft:dirt":12,"minecraft:oak_leaves":20},"minecraft:broken":{"minecraft:wooden_sword":1},"minecraft:used":{"minecraft:oak_fence":20,"minecraft:birch_planks":18,"minecraft:oak_planks":119,"minecraft:chest":2,"minecraft:wooden_shovel":37,"minecraft:oak_door":2,"minecraft:torch":3,"minecraft:dirt":3,"minecraft:crafting_table":4,"minecraft:white_bed":1,"minecraft:oak_fence_gate":1,"minecraft:oak_log":2,"minecraft:wooden_axe":42,"minecraft:bread":3,"minecraft:wooden_sword":48,"minecraft:beef":6,"minecraft:birch_log":1},"minecraft:picked_up":{"minecraft:wooden_axe":1,"biomesoplenty:lavender":30,"minecraft:birch_log":5,"minecraft:crafting_table":4,"minecraft:feather":1,"minecraft:leather":10,"biomesoplenty:goldenrod":9,"minecraft:potato":8,"minecraft:birch_planks":20,"minecraft:oak_log":71,"minecraft:gunpowder":2,"minecraft:cornflower":1,"minecraft:dirt":90,"minecraft:wooden_sword":3,"biomesoplenty:tall_lavender":1,"minecraft:bone":4,"minecraft:apple":10,"minecraft:wheat_seeds":13,"minecraft:beef":10,"minecraft:chest":4,"minecraft:oak_planks":58,"minecraft:egg":3,"minecraft:stick":12,"minecraft:pumpkin":2,"minecraft:oak_fence":2,"minecraft:torch":6,"minecraft:dandelion":2,"minecraft:rotten_flesh":10,"croptopia:persimmon":4,"minecraft:bread":13,"minecraft:rooted_dirt":1,"minecraft:oak_sapling":14,"minecraft:mutton":5,"minecraft:white_wool":4,"minecraft:oxeye_daisy":2}},"DataVersion":3953}