{"stats":{"minecraft:dropped":{"minecraft:water_bucket":1,"minecraft:iron_sword":1,"minecraft:crafting_table":1,"minecraft:iron_helmet":1,"minecraft:coal":34,"minecraft:emerald":7,"minecraft:dispenser":1,"minecraft:iron_leggings":1,"minecraft:iron_pickaxe":1,"minecraft:redstone":6,"minecraft:stone_axe":1,"minecraft:birch_sapling":4,"minecraft:rotten_flesh":29,"minecraft:diamond_shovel":1,"minecraft:diamond_sword":1,"minecraft:diamond_pickaxe":1,"minecraft:iron_chestplate":1,"minecraft:oak_sapling":2,"minecraft:spruce_log":1},"minecraft:killed_by":{"minecraft:iron_golem":1,"minecraft:ravager":1,"minecraft:vindicator":1,"minecraft:vex":1},"minecraft:mined":{"minecraft:granite":7,"minecraft:grass_block":6,"minecraft:redstone_wire":4,"minecraft:magma_block":2,"minecraft:iron_ore":1,"minecraft:sticky_piston":3,"minecraft:detector_rail":2,"minecraft:pumpkin":2,"minecraft:rail":3,"minecraft:stone":20,"minecraft:podzol":1,"minecraft:crafting_table":1,"minecraft:short_grass":13,"minecraft:chest":3,"minecraft:copper_ore":8,"minecraft:sugar_cane":3,"minecraft:oak_planks":5,"biomesoplenty:goldenrod":2,"minecraft:repeater":1,"minecraft:powered_rail":2,"minecraft:birch_log":8,"minecraft:spruce_log":1,"minecraft:birch_leaves":1,"minecraft:oak_log":1,"minecraft:dirt":2,"minecraft:dispenser":1,"minecraft:oak_leaves":13,"minecraft:fern":1},"minecraft:crafted":{"minecraft:birch_boat":1,"minecraft:stone_pickaxe":1,"minecraft:crafting_table":1,"minecraft:wooden_pickaxe":1,"minecraft:iron_sword":1,"minecraft:birch_planks":32,"minecraft:stone_axe":1,"minecraft:stick":8},"minecraft:picked_up":{"minecraft:fishing_rod":3,"minecraft:crafting_table":2,"minecraft:iron_chestplate":4,"minecraft:wheat":114,"minecraft:diamond_sword":5,"minecraft:wooden_pickaxe":1,"minecraft:shield":4,"minecraft:string":3,"minecraft:raw_copper":25,"minecraft:sticky_piston":3,"minecraft:iron_leggings":5,"biomesoplenty:tall_lavender":3,"minecraft:diamond_leggings":2,"minecraft:detector_rail":4,"minecraft:beef":2,"minecraft:poppy":2,"minecraft:iron_pickaxe":2,"croptopia:blueberry":2,"minecraft:minecart":1,"minecraft:sugar_cane":9,"minecraft:chest":5,"minecraft:birch_sapling":4,"minecraft:iron_boots":4,"minecraft:tipped_arrow":8,"minecraft:stick":37,"minecraft:raw_iron":1,"minecraft:torch":68,"croptopia:blackberry_seed":1,"minecraft:redstone":34,"minecraft:rotten_flesh":35,"xtraarrows:vex_wing":13,"minecraft:diamond_chestplate":1,"minecraft:diamond_boots":2,"minecraft:saddle":6,"minecraft:totem_of_undying":5,"minecraft:mutton":1,"minecraft:rail":3,"minecraft:white_wool":1,"minecraft:cobblestone":20,"croptopia:cauliflower":2,"minecraft:birch_log":8,"biomesoplenty:lavender":1,"minecraft:magma_block":2,"minecraft:cooked_beef":28,"minecraft:repeater":1,"minecraft:water_bucket":2,"minecraft:leather":8,"morediscs:music_disc_activate":2,"minecraft:oak_log":2,"croptopia:blueberry_seed":2,"minecraft:dirt":11,"minecraft:cooked_mutton":2,"minecraft:bone":32,"minecraft:wheat_seeds":140,"minecraft:wild_armor_trim_smithing_template":8,"minecraft:iron_ingot":32,"minecraft:stone_pickaxe":1,"minecraft:cobweb":4,"minecraft:diamond_helmet":1,"minecraft:powered_rail":2,"minecraft:oak_planks":21,"minecraft:iron_sword":2,"croptopia:cauliflower_seed":2,"minecraft:birch_boat":2,"minecraft:pumpkin":2,"croptopia:blackberry":1,"croptopia:celery_seed":3,"minecraft:spruce_log":1,"minecraft:spider_eye":2,"minecraft:diamond_shovel":2,"minecraft:dispenser":3,"minecraft:diamond":12,"minecraft:stone_axe":2,"minecraft:iron_helmet":5,"minecraft:granite":7,"minecraft:diamond_axe":1,"minecraft:emerald":13,"minecraft:bread":169,"minecraft:oak_sapling":2,"minecraft:coal":68,"minecraft:diamond_pickaxe":4},"minecraft:custom":{"minecraft:mob_kills":18,"minecraft:interact_with_anvil":1,"minecraft:interact_with_crafting_table":6,"minecraft:leave_game":2,"minecraft:time_since_death":4280,"minecraft:climb_one_cm":1474,"minecraft:sprint_one_cm":296668,"minecraft:walk_one_cm":339492,"minecraft:damage_blocked_by_shield":255,"minecraft:drop":21,"minecraft:play_time":64039,"minecraft:deaths":4,"minecraft:sneak_time":475,"minecraft:walk_under_water_one_cm":2153,"minecraft:boat_one_cm":70802,"minecraft:jump":438,"minecraft:walk_on_water_one_cm":2570,"minecraft:total_world_time":64039,"minecraft:interact_with_furnace":25,"minecraft:play_record":2,"minecraft:interact_with_loom":1,"minecraft:sleep_in_bed":3,"minecraft:time_since_rest":40,"minecraft:damage_taken":2305,"minecraft:damage_dealt":2927,"minecraft:swim_one_cm":169,"minecraft:fly_one_cm":55764,"minecraft:open_chest":33,"minecraft:crouch_one_cm":2198,"minecraft:interact_with_smoker":4,"minecraft:fall_one_cm":11242,"minecraft:horse_one_cm":3983},"minecraft:used":{"minecraft:poppy":2,"minecraft:chest":1,"minecraft:shield":2,"minecraft:iron_sword":13,"minecraft:dirt":8,"minecraft:mutton":1,"minecraft:granite":7,"minecraft:beef":5,"minecraft:pumpkin":2,"minecraft:cooked_mutton":6,"minecraft:stone_pickaxe":47,"minecraft:birch_boat":2,"minecraft:wooden_pickaxe":5,"minecraft:salmon":2,"minecraft:crafting_table":2,"minecraft:cod":1,"minecraft:bread":12,"minecraft:stone_axe":28,"minecraft:fishing_rod":1,"minecraft:diamond_sword":43},"minecraft:killed":{"minecraft:vindicator":1,"minecraft:sheep":1,"minecraft:pillager":3,"minecraft:zombie":4,"minecraft:cow":1}},"DataVersion":3953}