{"stats":{"minecraft:crafted":{"minecraft:oak_planks":140,"minecraft:furnace":11,"minecraft:diamond_shovel":1,"minecraft:glass":46,"oritech:nickel_ingot":69,"minecraft:diamond_helmet":1,"minecraft:diamond_leggings":1,"minecraft:iron_boots":1,"minecraft:stone_pickaxe":1,"minecraft:chest":10,"minecraft:diamond_boots":1,"minecraft:stone_hoe":7,"minecraft:oak_slab":6,"minecraft:diamond_sword":1,"minecraft:diamond_axe":1,"minecraft:crafting_table":2,"minecraft:spruce_planks":16,"minecraft:wooden_pickaxe":1,"minecraft:iron_helmet":1,"oritech:platinum_ingot":15,"minecraft:copper_ingot":112,"minecraft:birch_planks":68,"minecraft:pumpkin_seeds":96,"minecraft:stone_axe":1,"minecraft:air":0,"minecraft:iron_chestplate":1,"minecraft:diamond_pickaxe":2,"minecraft:shield":3,"minecraft:stick":68,"minecraft:iron_ingot":130,"minecraft:oak_stairs":52,"minecraft:iron_leggings":1,"minecraft:gold_ingot":24,"minecraft:torch":256,"minecraft:diamond_chestplate":1},"minecraft:custom":{"minecraft:mob_kills":22,"minecraft:interact_with_crafting_table":37,"minecraft:open_barrel":1,"minecraft:leave_game":1,"minecraft:time_since_death":18374,"minecraft:climb_one_cm":1877,"minecraft:sprint_one_cm":604452,"minecraft:damage_blocked_by_shield":764,"minecraft:walk_one_cm":1274190,"minecraft:drop":52,"minecraft:talked_to_villager":2,"minecraft:play_time":258806,"minecraft:sneak_time":7850,"minecraft:deaths":4,"minecraft:walk_under_water_one_cm":4401,"minecraft:interact_with_brewingstand":1,"minecraft:jump":1820,"minecraft:walk_on_water_one_cm":26872,"minecraft:total_world_time":258806,"minecraft:interact_with_furnace":77,"minecraft:interact_with_loom":1,"minecraft:interact_with_grindstone":1,"minecraft:sleep_in_bed":7,"minecraft:time_since_rest":18418,"minecraft:damage_taken":2479,"minecraft:damage_dealt":4862,"minecraft:swim_one_cm":12482,"minecraft:fly_one_cm":138857,"minecraft:open_chest":162,"minecraft:crouch_one_cm":21671,"minecraft:interact_with_smoker":1,"minecraft:fall_one_cm":21971,"minecraft:interact_with_smithing_table":1},"minecraft:dropped":{"minecraft:stone_hoe":1,"minecraft:bread":16,"minecraft:oak_slab":3,"minecraft:ominous_bottle":1,"minecraft:diamond":1,"biomesoplenty:lavender":93,"minecraft:iron_helmet":1,"minecraft:cobblestone":6,"minecraft:rooted_dirt":7,"minecraft:granite":4,"blockus:viridite":2,"minecraft:dirt":167,"biomesoplenty:goldenrod":3,"minecraft:cornflower":3,"minecraft:iron_leggings":1,"minecraft:white_banner":1,"minecraft:blue_carpet":2,"minecraft:gravel":9,"minecraft:stone_axe":1,"minecraft:coarse_dirt":1,"minecraft:tuff":47,"minecraft:birch_sapling":4,"minecraft:rotten_flesh":6,"minecraft:iron_boots":1,"blockus:bluestone":11,"minecraft:diamond_sword":2,"minecraft:shield":1,"minecraft:iron_chestplate":2,"minecraft:andesite":4,"minecraft:chest":4,"minecraft:arrow":2,"minecraft:stone_pickaxe":1,"minecraft:wooden_pickaxe":1},"minecraft:broken":{"minecraft:iron_shovel":1,"minecraft:stone_hoe":3,"minecraft:diamond_shovel":1,"minecraft:iron_axe":1},"minecraft:mined":{"blockus:viridite":17,"minecraft:blue_carpet":1,"minecraft:diamond_ore":3,"minecraft:tuff":65,"minecraft:oak_sapling":1,"minecraft:farmland":5,"minecraft:deepslate_diamond_ore":26,"minecraft:candle":1,"blockus:path":1,"minecraft:brewing_stand":1,"minecraft:obsidian":4,"oritech:nickel_ore":42,"minecraft:granite":28,"minecraft:stone_brick_wall":2,"minecraft:grass_block":877,"oritech:deepslate_platinum_ore":1,"minecraft:composter":1,"minecraft:rooted_dirt":13,"minecraft:large_fern":3,"minecraft:hay_block":35,"biomesoplenty:tall_lavender":11,"minecraft:furnace":9,"minecraft:iron_ore":45,"minecraft:barrel":1,"minecraft:cobbled_deepslate":8,"biomesoplenty:lavender":381,"minecraft:andesite":30,"minecraft:pumpkin":42,"minecraft:bell":1,"minecraft:bookshelf":6,"minecraft:potatoes":78,"minecraft:water_cauldron":3,"minecraft:deepslate_iron_ore":22,"minecraft:oak_stairs":41,"minecraft:lantern":9,"minecraft:potted_cornflower":1,"minecraft:stone":482,"minecraft:potted_allium":1,"minecraft:smithing_table":1,"minecraft:podzol":37,"minecraft:deepslate_redstone_ore":59,"minecraft:oak_slab":3,"minecraft:smoker":2,"minecraft:cornflower":1,"minecraft:crafting_table":3,"minecraft:torch":17,"minecraft:short_grass":898,"minecraft:chest":6,"minecraft:white_stained_glass_pane":2,"minecraft:copper_ore":46,"minecraft:tall_grass":64,"minecraft:glass":1,"minecraft:cobblestone":14,"blockus:marble":8,"minecraft:deepslate_gold_ore":35,"minecraft:oak_planks":108,"minecraft:grindstone":1,"minecraft:sugar_cane":23,"minecraft:diorite":13,"minecraft:wall_torch":9,"minecraft:deepslate_copper_ore":6,"biomesoplenty:goldenrod":18,"minecraft:white_terracotta":6,"minecraft:birch_planks":3,"minecraft:coarse_dirt":5,"minecraft:cobblestone_wall":2,"minecraft:birch_log":18,"minecraft:wheat":50,"trofers:small_plate":1,"minecraft:pumpkin_stem":1,"croptopia:tomato_crop":4,"minecraft:potted_poppy":1,"minecraft:coal_ore":141,"minecraft:oak_log":40,"minecraft:gravel":34,"minecraft:dirt":849,"oritech:deepslate_nickel_ore":59,"blockus:limestone":20,"minecraft:potted_white_tulip":1,"minecraft:gold_ore":2,"minecraft:oak_leaves":8,"minecraft:deepslate":401,"minecraft:fern":5,"blockus:bluestone":18},"minecraft:picked_up":{"minecraft:fishing_rod":1,"minecraft:iron_chestplate":4,"minecraft:coarse_dirt":5,"minecraft:crafting_table":5,"minecraft:wheat":165,"minecraft:ominous_bottle":1,"minecraft:flower_pot":4,"minecraft:smithing_table":1,"blockus:bluestone":11,"minecraft:diamond_sword":6,"minecraft:wooden_pickaxe":1,"minecraft:oak_stairs":41,"minecraft:brewing_stand":2,"minecraft:shield":5,"minecraft:cornflower":3,"minecraft:string":2,"minecraft:raw_copper":151,"minecraft:iron_leggings":5,"biomesoplenty:tall_lavender":16,"minecraft:iron_shovel":1,"minecraft:candle":1,"minecraft:cobbled_deepslate":350,"minecraft:bucket":1,"croptopia:tomato_seed":5,"minecraft:spruce_planks":1,"minecraft:beef":3,"minecraft:iron_pickaxe":3,"minecraft:sugar_cane":31,"minecraft:chest":11,"minecraft:birch_sapling":12,"minecraft:furnace":9,"minecraft:iron_boots":5,"minecraft:tipped_arrow":2,"minecraft:stick":78,"minecraft:raw_iron":65,"minecraft:composter":1,"minecraft:torch":100,"oritech:raw_platinum":1,"minecraft:redstone":286,"minecraft:cauldron":3,"minecraft:blue_carpet":3,"minecraft:arrow":3,"minecraft:rotten_flesh":19,"xtraarrows:vex_wing":6,"minecraft:diamond_chestplate":2,"minecraft:diamond_boots":1,"minecraft:hay_block":35,"oritech:raw_nickel":100,"minecraft:saddle":1,"minecraft:gold_ingot":1,"minecraft:totem_of_undying":1,"minecraft:white_terracotta":5,"minecraft:obsidian":4,"minecraft:cobblestone":285,"biomesoplenty:lavender":437,"minecraft:birch_log":18,"minecraft:cooked_beef":81,"minecraft:water_bucket":2,"minecraft:andesite":4,"biomesoplenty:goldenrod":18,"minecraft:leather":1,"minecraft:smoker":2,"minecraft:potato":256,"minecraft:birch_planks":3,"minecraft:tuff":69,"minecraft:oak_log":39,"trofers:small_plate":1,"minecraft:lapis_lazuli":7,"minecraft:dirt":1662,"minecraft:lantern":12,"minecraft:white_banner":1,"minecraft:bone":10,"minecraft:apple":14,"minecraft:wheat_seeds":295,"minecraft:raw_gold":37,"minecraft:bell":1,"minecraft:grindstone":1,"minecraft:iron_ingot":1,"minecraft:stone_pickaxe":1,"croptopia:tomato":4,"minecraft:diamond_helmet":1,"minecraft:glass_bottle":8,"blockus:path":1,"minecraft:iron_sword":3,"minecraft:oak_planks":142,"minecraft:book":20,"minecraft:oak_slab":3,"minecraft:pumpkin":42,"minecraft:red_wool":6,"minecraft:poisonous_potato":1,"minecraft:gravel":20,"croptopia:celery_seed":1,"minecraft:red_banner":2,"morediscs:music_disc_seeds":1,"minecraft:spider_eye":2,"blockus:viridite":12,"minecraft:diamond_shovel":5,"minecraft:dispenser":3,"oritech:nickel_ingot":22,"minecraft:diamond":30,"minecraft:stone_axe":4,"croptopia:orange":1,"minecraft:iron_helmet":4,"minecraft:granite":4,"minecraft:emerald":37,"minecraft:bread":115,"minecraft:rooted_dirt":19,"minecraft:oak_sapling":9,"minecraft:coal":274,"minecraft:diamond_pickaxe":4},"minecraft:killed_by":{"minecraft:vindicator":2,"minecraft:vex":2},"minecraft:killed":{"minecraft:evoker":1,"minecraft:vex":1,"minecraft:witch":1,"minecraft:spider":3,"minecraft:phantom":1,"minecraft:skeleton":1,"minecraft:zombie_villager":1,"minecraft:pillager":2,"minecraft:zombie":9},"minecraft:used":{"minecraft:iron_shovel":203,"minecraft:chest":2,"minecraft:shield":11,"minecraft:stone_hoe":642,"minecraft:torch":131,"minecraft:dirt":131,"minecraft:tuff":18,"minecraft:iron_axe":203,"minecraft:oak_stairs":83,"minecraft:oak_sapling":11,"minecraft:furnace":18,"minecraft:cooked_beef":3,"minecraft:potato":130,"minecraft:cobbled_deepslate":100,"minecraft:wheat_seeds":260,"minecraft:water_bucket":180,"minecraft:stone_pickaxe":50,"minecraft:oak_planks":226,"minecraft:wooden_pickaxe":9,"minecraft:sugar_cane":35,"minecraft:diamond_axe":36,"minecraft:oak_slab":3,"minecraft:crafting_table":3,"croptopia:celery_seed":2,"minecraft:pumpkin_seeds":99,"minecraft:diamond_pickaxe":1565,"minecraft:apple":1,"minecraft:diamond_shovel":1689,"minecraft:bread":33,"minecraft:iron_pickaxe":27,"croptopia:tomato_seed":5,"minecraft:gravel":11,"minecraft:stone_axe":76,"minecraft:diamond_sword":96,"minecraft:cobblestone":32,"minecraft:bucket":177,"minecraft:birch_log":1,"minecraft:candle":1}},"DataVersion":3953}