{"stats":{"minecraft:crafted":{"minecraft:oak_planks":644,"minecraft:diamond_shovel":2,"minecraft:diamond_helmet":1,"minecraft:diamond_leggings":1,"minecraft:iron_boots":1,"minecraft:chest":7,"minecraft:diamond_boots":1,"minecraft:wheat":72,"minecraft:diamond_sword":2,"minecraft:diamond_axe":2,"travelersbackpack:standard":1,"travelersbackpack:backpack_tank":2,"minecraft:iron_helmet":1,"oritech:platinum_ingot":8,"minecraft:bucket":1,"minecraft:bread":54,"travelersbackpack:red_sleeping_bag":1,"minecraft:iron_chestplate":2,"minecraft:diamond_pickaxe":2,"minecraft:shield":4,"minecraft:birch_fence":33,"minecraft:stick":116,"minecraft:iron_ingot":14,"minecraft:iron_pickaxe":1,"minecraft:iron_shovel":1,"minecraft:gold_ingot":6,"minecraft:iron_leggings":2,"minecraft:torch":128,"minecraft:diamond_chestplate":1},"minecraft:custom":{"minecraft:mob_kills":63,"minecraft:animals_bred":7,"minecraft:interact_with_crafting_table":64,"minecraft:leave_game":3,"minecraft:time_since_death":97638,"minecraft:climb_one_cm":3572,"minecraft:sprint_one_cm":1017206,"minecraft:damage_blocked_by_shield":3868,"minecraft:walk_one_cm":1270628,"minecraft:drop":125,"minecraft:talked_to_villager":13,"minecraft:play_time":297124,"minecraft:sneak_time":3041,"minecraft:deaths":8,"minecraft:walk_under_water_one_cm":4675,"minecraft:jump":2034,"minecraft:walk_on_water_one_cm":38446,"minecraft:total_world_time":297124,"minecraft:interact_with_furnace":17,"minecraft:interact_with_stonecutter":3,"minecraft:sleep_in_bed":6,"minecraft:time_since_rest":40072,"minecraft:damage_taken":5199,"minecraft:damage_dealt":11388,"minecraft:swim_one_cm":25563,"minecraft:fly_one_cm":105894,"minecraft:open_chest":262,"minecraft:crouch_one_cm":13173,"minecraft:fall_one_cm":47970,"minecraft:horse_one_cm":88564},"minecraft:dropped":{"minecraft:iron_ingot":1,"minecraft:bread":74,"minecraft:iron_sword":1,"minecraft:wheat_seeds":26,"minecraft:cooked_beef":28,"minecraft:oak_log":2,"minecraft:glass_bottle":3,"minecraft:diamond":4,"biomesoplenty:lavender":581,"minecraft:oak_fence":6,"minecraft:iron_helmet":1,"minecraft:cobblestone":174,"minecraft:leather":2,"minecraft:granite":7,"minecraft:spruce_stairs":1,"minecraft:coal":35,"minecraft:emerald":8,"minecraft:cobweb":1,"croptopia:celery_seed":1,"minecraft:dirt":62,"minecraft:diorite":6,"minecraft:dispenser":1,"minecraft:torch":34,"blockus:marble":71,"minecraft:iron_leggings":3,"minecraft:iron_pickaxe":1,"minecraft:string":2,"minecraft:fishing_rod":1,"minecraft:redstone":6,"minecraft:bone":21,"minecraft:gravel":104,"minecraft:stone_axe":2,"minecraft:cobbled_deepslate":117,"minecraft:raw_copper":2,"minecraft:tuff":1,"minecraft:wheat":57,"minecraft:obsidian":4,"minecraft:rotten_flesh":3,"blockus:limestone":7,"minecraft:oak_planks":16,"minecraft:iron_boots":3,"minecraft:diamond_shovel":3,"blockus:bluestone":6,"minecraft:diamond_sword":3,"minecraft:poppy":1,"minecraft:tipped_arrow":2,"minecraft:shield":1,"minecraft:iron_chestplate":4,"minecraft:diamond_pickaxe":2,"minecraft:andesite":13,"minecraft:beef":3,"biomesoplenty:tall_lavender":7},"minecraft:broken":{"minecraft:shield":1},"minecraft:mined":{"minecraft:dark_oak_planks":2,"blockus:viridite":5,"minecraft:tuff":51,"minecraft:stone_pressure_plate":2,"minecraft:deepslate_diamond_ore":102,"minecraft:candle":1,"minecraft:brewing_stand":1,"minecraft:obsidian":6,"oritech:nickel_ore":18,"minecraft:granite":27,"minecraft:grass_block":246,"biomesoplenty:yellow_maple_leaf_pile":1,"oritech:deepslate_platinum_ore":2,"minecraft:large_fern":12,"biomesoplenty:jacaranda_log":4,"minecraft:redstone_ore":7,"biomesoplenty:tall_lavender":51,"biomesoplenty:toadstool":19,"minecraft:furnace":5,"minecraft:iron_ore":9,"minecraft:cobbled_deepslate":3,"biomesoplenty:lavender":1155,"minecraft:andesite":18,"minecraft:deepslate_lapis_ore":3,"minecraft:azure_bluet":1,"croptopia:peach_crop":4,"minecraft:bookshelf":6,"minecraft:deepslate_iron_ore":20,"minecraft:lantern":2,"minecraft:stone":245,"minecraft:green_bed":1,"minecraft:podzol":2,"biomesoplenty:jacaranda_leaves":7,"minecraft:deepslate_redstone_ore":3,"minecraft:scaffolding":3,"minecraft:red_wool":4,"minecraft:cornflower":1,"minecraft:dandelion":9,"minecraft:oak_fence":6,"minecraft:crafting_table":1,"minecraft:torch":2,"minecraft:short_grass":1614,"minecraft:poppy":3,"minecraft:chest":4,"minecraft:dead_bush":4,"minecraft:copper_ore":1,"minecraft:tall_grass":91,"minecraft:cobblestone":17,"blockus:marble":284,"minecraft:oak_planks":21,"minecraft:sugar_cane":83,"minecraft:diorite":22,"minecraft:wall_torch":7,"minecraft:cauldron":1,"biomesoplenty:goldenrod":52,"minecraft:spruce_stairs":1,"minecraft:birch_planks":4,"handcrafted:evoker_trophy":1,"minecraft:wheat":143,"minecraft:bee_nest":2,"minecraft:oak_log":120,"croptopia:celery_crop":1,"minecraft:gravel":72,"minecraft:dirt":47,"blockus:limestone":30,"biomesoplenty:orange_maple_leaf_pile":5,"minecraft:birch_fence":1,"minecraft:oak_leaves":11,"minecraft:deepslate":271,"minecraft:fern":32,"croptopia:bellpepper_crop":1,"blockus:bluestone":40},"minecraft:picked_up":{"blockus:limestone":31,"minecraft:fishing_rod":2,"minecraft:iron_chestplate":9,"minecraft:crafting_table":3,"minecraft:wheat":185,"minecraft:azure_bluet":1,"croptopia:peach":11,"minecraft:leather_leggings":1,"blockus:bluestone":46,"minecraft:diamond_sword":9,"biomesoplenty:jacaranda_sapling":2,"minecraft:diamond_horse_armor":1,"xtraarrows:bat_skin":1,"minecraft:brewing_stand":2,"minecraft:shield":8,"minecraft:cornflower":1,"minecraft:string":13,"minecraft:raw_copper":4,"minecraft:iron_leggings":6,"biomesoplenty:tall_lavender":47,"minecraft:iron_shovel":2,"minecraft:birch_fence":4,"blockus:marble":286,"minecraft:diamond_leggings":3,"minecraft:candle":8,"minecraft:cobbled_deepslate":440,"croptopia:avocado":1,"minecraft:beef":3,"minecraft:poppy":7,"minecraft:iron_pickaxe":2,"minecraft:sugar_cane":101,"minecraft:chest":8,"minecraft:furnace":10,"minecraft:iron_boots":7,"minecraft:egg":10,"minecraft:raw_iron":27,"minecraft:tipped_arrow":2,"minecraft:stick":52,"minecraft:oak_door":1,"croptopia:blackbean":1,"minecraft:oak_fence":16,"minecraft:torch":290,"croptopia:blackbean_seed":2,"minecraft:green_bed":2,"minecraft:spruce_stairs":1,"minecraft:porkchop":45,"oritech:raw_platinum":2,"oritech:oritech_guide":1,"minecraft:diorite":27,"minecraft:redstone":51,"minecraft:dark_oak_planks":2,"minecraft:arrow":15,"minecraft:rotten_flesh":38,"minecraft:diamond_chestplate":2,"biomesoplenty:jacaranda_log":4,"minecraft:diamond_boots":3,"oritech:raw_nickel":18,"minecraft:saddle":2,"minecraft:totem_of_undying":2,"minecraft:obsidian":4,"minecraft:mutton":16,"minecraft:cod":3,"minecraft:white_wool":3,"minecraft:cobblestone":488,"biomesoplenty:lavender":1067,"minecraft:cooked_beef":43,"minecraft:glow_ink_sac":1,"minecraft:andesite":32,"biomesoplenty:goldenrod":33,"minecraft:leather":2,"croptopia:glowing_calamari":1,"minecraft:birch_planks":1,"croptopia:spinach":3,"minecraft:flint":21,"minecraft:tuff":55,"minecraft:oak_log":232,"minecraft:gunpowder":6,"croptopia:cooked_calamari":16,"croptopia:celery":1,"minecraft:lapis_lazuli":19,"minecraft:dirt":406,"minecraft:lantern":5,"minecraft:bone":28,"minecraft:apple":1,"minecraft:bow":1,"minecraft:wheat_seeds":638,"minecraft:iron_ingot":12,"minecraft:cobweb":2,"minecraft:diamond_helmet":3,"minecraft:glass_bottle":3,"minecraft:iron_sword":3,"minecraft:oak_planks":132,"biomesoplenty:toadstool":34,"minecraft:scaffolding":4,"minecraft:red_wool":4,"minecraft:dandelion":5,"minecraft:gravel":120,"croptopia:celery_seed":2,"minecraft:spruce_door":1,"minecraft:spider_eye":6,"croptopia:spinach_seed":3,"blockus:viridite":5,"minecraft:diamond_shovel":6,"minecraft:dispenser":1,"minecraft:sugar":4,"minecraft:diamond":103,"minecraft:stone_axe":2,"minecraft:iron_helmet":5,"minecraft:granite":34,"minecraft:diamond_axe":6,"minecraft:emerald":10,"minecraft:bread":142,"minecraft:rooted_dirt":1,"minecraft:oak_sapling":12,"minecraft:coal":69,"minecraft:diamond_pickaxe":12},"minecraft:killed_by":{"minecraft:creeper":1,"minecraft:iron_golem":1,"minecraft:ravager":1,"minecraft:vindicator":1,"minecraft:skeleton":1,"minecraft:zombie":1,"minecraft:vex":2},"minecraft:killed":{"minecraft:spider":9,"minecraft:vindicator":4,"minecraft:skeleton":12,"minecraft:pig":7,"minecraft:zombie_villager":1,"minecraft:bat":1,"minecraft:ravager":1,"minecraft:creeper":1,"minecraft:sheep":2,"minecraft:pillager":3,"minecraft:zombie":20},"minecraft:used":{"minecraft:iron_shovel":60,"minecraft:chest":15,"minecraft:shield":67,"minecraft:iron_sword":11,"minecraft:rotten_flesh":1,"minecraft:torch":173,"minecraft:dirt":62,"minecraft:tuff":2,"biomesoplenty:jacaranda_sapling":2,"croptopia:peach":11,"minecraft:oak_sapling":3,"croptopia:cooked_calamari":6,"minecraft:egg":1,"minecraft:cooked_beef":11,"minecraft:cobbled_deepslate":18,"minecraft:wheat_seeds":139,"minecraft:water_bucket":92,"minecraft:birch_planks":1,"minecraft:oak_planks":472,"minecraft:diamond_axe":195,"minecraft:birch_fence":37,"minecraft:oak_log":3,"minecraft:diamond_pickaxe":1014,"minecraft:diamond_shovel":260,"minecraft:bread":45,"minecraft:iron_pickaxe":197,"blockus:bluestone":24,"minecraft:diamond_sword":275,"minecraft:cobblestone":106,"minecraft:bucket":93,"blockus:marble":12,"minecraft:candle":3}},"DataVersion":3953}