{"stats":{"minecraft:crafted":{"minecraft:oak_planks":8,"minecraft:stick":4},"minecraft:custom":{"minecraft:time_since_rest":140,"minecraft:crouch_one_cm":21,"minecraft:walk_one_cm":13899,"minecraft:play_time":7884,"minecraft:sprint_one_cm":14592,"minecraft:damage_taken":544,"minecraft:deaths":2,"minecraft:sneak_time":6,"minecraft:walk_under_water_one_cm":114,"minecraft:jump":43,"minecraft:damage_dealt":148,"minecraft:leave_game":1,"minecraft:time_since_death":108,"minecraft:walk_on_water_one_cm":3290,"minecraft:total_world_time":7884,"minecraft:swim_one_cm":12981,"minecraft:fall_one_cm":1349,"minecraft:fly_one_cm":2682},"minecraft:mined":{"minecraft:oak_log":3,"minecraft:sugar_cane":2},"minecraft:picked_up":{"minecraft:oak_log":3,"minecraft:sugar_cane":4},"minecraft:killed_by":{"minecraft:creeper":1,"minecraft:zombie":1},"minecraft:used":{"minecraft:oak_log":1}},"DataVersion":3953}