{"stats":{"minecraft:crafted":{"minecraft:cooked_beef":2,"minecraft:oak_planks":24,"minecraft:crafting_table":2,"minecraft:wooden_pickaxe":1,"minecraft:iron_sword":1,"minecraft:furnace":1,"minecraft:birch_planks":16,"minecraft:stone_axe":1,"minecraft:air":0,"minecraft:stick":24,"minecraft:iron_pickaxe":1,"minecraft:iron_ingot":5,"minecraft:stone_pickaxe":1,"minecraft:torch":20},"minecraft:custom":{"minecraft:interact_with_furnace":7,"minecraft:mob_kills":2,"minecraft:interact_with_crafting_table":8,"minecraft:leave_game":2,"minecraft:time_since_death":18096,"minecraft:time_since_rest":18128,"minecraft:sprint_one_cm":81630,"minecraft:damage_taken":611,"minecraft:walk_one_cm":49933,"minecraft:damage_dealt":497,"minecraft:swim_one_cm":39031,"minecraft:fly_one_cm":18298,"minecraft:crouch_one_cm":21,"minecraft:play_time":25872,"minecraft:deaths":2,"minecraft:sneak_time":16,"minecraft:walk_under_water_one_cm":6917,"minecraft:jump":203,"minecraft:walk_on_water_one_cm":15636,"minecraft:total_world_time":25872,"minecraft:fall_one_cm":3708},"minecraft:mined":{"minecraft:brown_mushroom":1,"minecraft:crafting_table":1,"minecraft:torch":3,"minecraft:grass_block":3,"minecraft:copper_ore":12,"minecraft:deepslate_coal_ore":6,"minecraft:sugar_cane":2,"minecraft:deepslate_copper_ore":6,"minecraft:furnace":1,"minecraft:birch_log":10,"minecraft:iron_ore":2,"croptopia:tea_crop":1,"croptopia:tomato_crop":1,"croptopia:apricot_crop":4,"minecraft:oak_log":7,"minecraft:coal_ore":21,"croptopia:celery_crop":1,"minecraft:deepslate_iron_ore":5,"minecraft:sand":7,"minecraft:dirt":7,"oritech:deepslate_nickel_ore":3,"minecraft:stone":16,"minecraft:oak_leaves":11,"minecraft:deepslate":7,"minecraft:fern":2},"minecraft:picked_up":{"minecraft:birch_log":10,"minecraft:crafting_table":1,"minecraft:brown_mushroom":1,"croptopia:tea_leaves":1,"minecraft:oak_log":7,"croptopia:celery":1,"minecraft:dirt":36,"minecraft:raw_copper":65,"minecraft:wheat_seeds":1,"minecraft:cobbled_deepslate":5,"croptopia:tomato_seed":1,"minecraft:beef":2,"croptopia:tomato":1,"minecraft:sugar_cane":4,"minecraft:furnace":1,"minecraft:stick":1,"minecraft:raw_iron":7,"croptopia:apricot":4,"minecraft:torch":3,"croptopia:celery_seed":1,"minecraft:sand":7,"croptopia:tea_seed":1,"minecraft:rotten_flesh":1,"oritech:raw_nickel":3,"minecraft:coal":25,"minecraft:cobblestone":16},"minecraft:killed_by":{"minecraft:creeper":1,"minecraft:zombie":1},"minecraft:killed":{"minecraft:zombie":1,"minecraft:cow":1},"minecraft:used":{"minecraft:stone_pickaxe":82,"croptopia:apricot":4,"minecraft:wooden_pickaxe":15,"minecraft:iron_sword":8,"minecraft:rotten_flesh":1,"minecraft:torch":3,"minecraft:dirt":9,"minecraft:sand":5,"minecraft:crafting_table":3,"minecraft:oak_log":1,"minecraft:stone_axe":10,"minecraft:furnace":2,"minecraft:cooked_beef":2}},"DataVersion":3953}