{"stats":{"minecraft:crafted":{"minecraft:oak_planks":8,"minecraft:stick":4},"minecraft:custom":{"minecraft:time_since_rest":3451,"minecraft:crouch_one_cm":21,"minecraft:deaths":2,"minecraft:sprint_one_cm":21364,"minecraft:play_time":11195,"minecraft:damage_taken":611,"minecraft:walk_one_cm":24674,"minecraft:sneak_time":9,"minecraft:walk_under_water_one_cm":628,"minecraft:mob_kills":1,"minecraft:jump":60,"minecraft:damage_dealt":397,"minecraft:leave_game":2,"minecraft:walk_on_water_one_cm":10204,"minecraft:time_since_death":3419,"minecraft:total_world_time":11195,"minecraft:swim_one_cm":18897,"minecraft:fall_one_cm":2127,"minecraft:fly_one_cm":4310},"minecraft:mined":{"minecraft:oak_log":3,"minecraft:birch_log":2,"minecraft:sugar_cane":2,"minecraft:oak_leaves":6,"croptopia:apricot_crop":4},"minecraft:picked_up":{"minecraft:birch_log":2,"minecraft:stick":1,"croptopia:apricot":4,"minecraft:rotten_flesh":1,"minecraft:oak_log":3,"minecraft:sugar_cane":4,"minecraft:dirt":26},"minecraft:killed_by":{"minecraft:creeper":1,"minecraft:zombie":1},"minecraft:killed":{"minecraft:zombie":1},"minecraft:used":{"minecraft:rotten_flesh":1,"minecraft:oak_log":1}},"DataVersion":3953}