{"stats":{"minecraft:crafted":{"minecraft:cooked_beef":2,"minecraft:oak_planks":24,"minecraft:crafting_table":2,"minecraft:wooden_pickaxe":1,"minecraft:iron_sword":1,"minecraft:furnace":1,"minecraft:birch_planks":16,"minecraft:stone_axe":1,"minecraft:air":0,"oritech:nickel_ingot":11,"minecraft:shield":1,"minecraft:stick":24,"minecraft:iron_pickaxe":1,"minecraft:iron_ingot":19,"minecraft:stone_pickaxe":1,"minecraft:torch":20},"minecraft:custom":{"minecraft:interact_with_furnace":15,"minecraft:mob_kills":2,"minecraft:interact_with_crafting_table":10,"minecraft:leave_game":3,"minecraft:time_since_death":9213,"minecraft:time_since_rest":9246,"minecraft:sprint_one_cm":132061,"minecraft:damage_taken":1111,"minecraft:walk_one_cm":86353,"minecraft:damage_blocked_by_shield":120,"minecraft:damage_dealt":651,"minecraft:swim_one_cm":64309,"minecraft:fly_one_cm":42501,"minecraft:crouch_one_cm":21,"minecraft:play_time":41897,"minecraft:deaths":3,"minecraft:sneak_time":16,"minecraft:walk_under_water_one_cm":7877,"minecraft:jump":377,"minecraft:walk_on_water_one_cm":20100,"minecraft:total_world_time":41897,"minecraft:fall_one_cm":9233},"minecraft:broken":{"minecraft:stone_pickaxe":1},"minecraft:mined":{"minecraft:brown_mushroom":1,"minecraft:deepslate_diamond_ore":8,"minecraft:crafting_table":2,"minecraft:torch":3,"minecraft:grass_block":3,"minecraft:copper_ore":12,"minecraft:deepslate_coal_ore":13,"minecraft:deepslate_gold_ore":4,"oritech:deepslate_platinum_ore":4,"minecraft:sugar_cane":2,"minecraft:deepslate_copper_ore":16,"minecraft:furnace":2,"minecraft:birch_log":10,"minecraft:iron_ore":2,"croptopia:tea_crop":1,"croptopia:tomato_crop":1,"croptopia:apricot_crop":4,"minecraft:oak_log":7,"minecraft:coal_ore":21,"croptopia:celery_crop":1,"minecraft:deepslate_iron_ore":17,"minecraft:sand":7,"minecraft:dirt":15,"oritech:deepslate_nickel_ore":11,"minecraft:stone":16,"minecraft:deepslate_emerald_ore":4,"minecraft:oak_leaves":11,"minecraft:deepslate":43,"minecraft:fern":2,"minecraft:podzol":1},"minecraft:picked_up":{"minecraft:birch_log":16,"minecraft:crafting_table":3,"minecraft:brown_mushroom":2,"minecraft:birch_planks":1,"croptopia:tea_leaves":2,"minecraft:oak_log":7,"minecraft:shield":1,"croptopia:celery":2,"minecraft:dirt":71,"minecraft:raw_copper":186,"minecraft:wheat_seeds":2,"minecraft:cobbled_deepslate":67,"minecraft:raw_gold":4,"croptopia:tomato_seed":2,"minecraft:iron_ingot":10,"minecraft:beef":2,"croptopia:tomato":2,"minecraft:iron_pickaxe":1,"minecraft:sugar_cane":4,"minecraft:oak_planks":4,"minecraft:iron_sword":1,"minecraft:furnace":2,"minecraft:stick":8,"minecraft:raw_iron":19,"croptopia:apricot":4,"minecraft:torch":22,"oritech:raw_platinum":4,"croptopia:celery_seed":2,"minecraft:sand":9,"croptopia:tea_seed":2,"oritech:nickel_ingot":11,"minecraft:rotten_flesh":1,"minecraft:diamond":7,"minecraft:stone_axe":1,"oritech:raw_nickel":11,"minecraft:emerald":4,"minecraft:coal":57,"minecraft:cobblestone":18},"minecraft:killed_by":{"minecraft:skeleton":1,"minecraft:creeper":1,"minecraft:zombie":1},"minecraft:killed":{"minecraft:zombie":1,"minecraft:cow":1},"minecraft:used":{"croptopia:celery":1,"croptopia:tomato":1,"minecraft:stone_pickaxe":132,"croptopia:apricot":4,"minecraft:wooden_pickaxe":16,"minecraft:shield":2,"minecraft:iron_sword":11,"minecraft:rotten_flesh":1,"minecraft:torch":5,"minecraft:dirt":17,"minecraft:sand":7,"minecraft:crafting_table":3,"minecraft:oak_log":1,"minecraft:iron_pickaxe":43,"minecraft:stone_axe":11,"minecraft:furnace":2,"minecraft:cooked_beef":2}},"DataVersion":3953}