{"stats":{"minecraft:crafted":{"minecraft:oak_planks":8,"minecraft:crafting_table":1,"minecraft:stick":12,"minecraft:wooden_pickaxe":1,"minecraft:stone_pickaxe":1,"minecraft:birch_planks":16},"minecraft:custom":{"minecraft:time_since_rest":6128,"minecraft:sprint_one_cm":27423,"minecraft:damage_taken":611,"minecraft:walk_one_cm":29169,"minecraft:mob_kills":1,"minecraft:damage_dealt":397,"minecraft:swim_one_cm":22592,"minecraft:interact_with_crafting_table":2,"minecraft:fly_one_cm":7545,"minecraft:crouch_one_cm":21,"minecraft:play_time":13872,"minecraft:deaths":2,"minecraft:sneak_time":16,"minecraft:walk_under_water_one_cm":1783,"minecraft:jump":84,"minecraft:leave_game":2,"minecraft:walk_on_water_one_cm":11411,"minecraft:time_since_death":6096,"minecraft:total_world_time":13872,"minecraft:fall_one_cm":2812},"minecraft:mined":{"minecraft:birch_log":4,"croptopia:apricot_crop":4,"minecraft:oak_log":3,"minecraft:copper_ore":12,"minecraft:stone":6,"minecraft:sugar_cane":2,"minecraft:oak_leaves":6},"minecraft:picked_up":{"minecraft:birch_log":4,"minecraft:stick":1,"croptopia:apricot":4,"minecraft:oak_log":3,"minecraft:dirt":26,"minecraft:raw_copper":41,"minecraft:rotten_flesh":1,"minecraft:sugar_cane":4,"minecraft:cobblestone":6},"minecraft:killed_by":{"minecraft:creeper":1,"minecraft:zombie":1},"minecraft:killed":{"minecraft:zombie":1},"minecraft:used":{"minecraft:oak_log":1,"minecraft:stone_pickaxe":12,"minecraft:wooden_pickaxe":6,"minecraft:rotten_flesh":1,"minecraft:crafting_table":1}},"DataVersion":3953}