{"stats":{"minecraft:crafted":{"minecraft:oak_planks":24,"minecraft:cooked_chicken":4,"minecraft:furnace":1,"croptopia:toast":29,"minecraft:cooked_mutton":10,"oritech:nickel_ingot":11,"minecraft:glass":17,"minecraft:diamond_helmet":1,"minecraft:stone_pickaxe":1,"minecraft:cooked_beef":2,"minecraft:diamond_sword":1,"minecraft:crafting_table":2,"minecraft:wooden_pickaxe":1,"minecraft:iron_sword":1,"minecraft:copper_ingot":34,"minecraft:birch_planks":40,"minecraft:stone_axe":1,"minecraft:air":0,"minecraft:diamond_pickaxe":1,"minecraft:shield":1,"minecraft:stick":80,"minecraft:iron_pickaxe":1,"minecraft:iron_ingot":20,"minecraft:gold_ingot":4,"minecraft:torch":44},"minecraft:dropped":{"minecraft:crafting_table":1,"minecraft:granite":2,"minecraft:string":1,"minecraft:cobbled_deepslate":2,"croptopia:blueberry":1,"minecraft:arrow":1},"minecraft:custom":{"minecraft:interact_with_smithing_table":2,"minecraft:mob_kills":29,"minecraft:animals_bred":2,"minecraft:interact_with_crafting_table":13,"minecraft:open_barrel":2,"minecraft:leave_game":5,"minecraft:time_since_death":42469,"minecraft:sprint_one_cm":289449,"minecraft:walk_one_cm":191907,"minecraft:damage_blocked_by_shield":285,"minecraft:drop":7,"minecraft:talked_to_villager":1,"minecraft:play_time":75153,"minecraft:deaths":3,"minecraft:sneak_time":41,"minecraft:walk_under_water_one_cm":9854,"minecraft:jump":753,"minecraft:walk_on_water_one_cm":27424,"minecraft:total_world_time":75153,"minecraft:interact_with_furnace":71,"minecraft:interact_with_stonecutter":1,"minecraft:sleep_in_bed":2,"minecraft:time_since_rest":16482,"minecraft:damage_taken":1397,"minecraft:damage_dealt":2697,"minecraft:swim_one_cm":98536,"minecraft:fly_one_cm":109395,"minecraft:open_chest":16,"minecraft:crouch_one_cm":21,"minecraft:interact_with_smoker":8,"minecraft:fall_one_cm":20958,"minecraft:horse_one_cm":3771},"minecraft:broken":{"minecraft:stone_pickaxe":1},"minecraft:mined":{"minecraft:white_bed":1,"minecraft:deepslate_diamond_ore":9,"minecraft:grass_block":3,"minecraft:spruce_leaves":3,"oritech:deepslate_platinum_ore":7,"minecraft:red_mushroom":2,"minecraft:furnace":4,"biomesoplenty:toadstool":2,"minecraft:iron_ore":2,"minecraft:cobbled_deepslate":1,"croptopia:tea_crop":1,"croptopia:blueberry_crop":1,"minecraft:deepslate_lapis_ore":12,"minecraft:deepslate_iron_ore":17,"minecraft:stone":16,"minecraft:podzol":1,"minecraft:deepslate_redstone_ore":8,"minecraft:brown_mushroom":1,"minecraft:crafting_table":3,"minecraft:torch":3,"minecraft:short_grass":16,"minecraft:copper_ore":12,"minecraft:deepslate_coal_ore":13,"minecraft:deepslate_gold_ore":12,"minecraft:sugar_cane":2,"minecraft:deepslate_copper_ore":16,"minecraft:birch_log":10,"minecraft:sweet_berry_bush":23,"croptopia:tomato_crop":1,"croptopia:apricot_crop":4,"minecraft:oak_log":7,"minecraft:coal_ore":21,"croptopia:celery_crop":1,"minecraft:sand":7,"minecraft:dirt":19,"oritech:deepslate_nickel_ore":11,"minecraft:cobweb":1,"biomesoplenty:orange_maple_leaf_pile":1,"minecraft:polished_andesite":1,"minecraft:oak_leaves":11,"minecraft:deepslate_emerald_ore":6,"minecraft:deepslate":61,"minecraft:fern":2},"minecraft:picked_up":{"minecraft:crafting_table":4,"minecraft:chicken":10,"minecraft:brown_mushroom":2,"minecraft:shield":1,"minecraft:string":1,"minecraft:raw_copper":186,"minecraft:cobbled_deepslate":77,"croptopia:tomato_seed":2,"minecraft:beef":2,"croptopia:blueberry":1,"minecraft:iron_pickaxe":1,"minecraft:light_gray_wool":1,"minecraft:sugar_cane":4,"minecraft:egg":1,"minecraft:furnace":4,"minecraft:raw_iron":19,"minecraft:stick":8,"minecraft:torch":22,"minecraft:porkchop":15,"oritech:raw_platinum":7,"minecraft:redstone":37,"minecraft:arrow":1,"minecraft:rotten_flesh":1,"oritech:raw_nickel":11,"minecraft:mutton":10,"minecraft:white_wool":4,"minecraft:cobblestone":18,"minecraft:birch_log":16,"minecraft:feather":13,"minecraft:birch_planks":1,"croptopia:tea_leaves":2,"minecraft:oak_log":7,"croptopia:celery":2,"minecraft:lapis_lazuli":59,"minecraft:dirt":147,"minecraft:bone":4,"minecraft:wheat_seeds":4,"minecraft:raw_gold":11,"minecraft:iron_ingot":10,"croptopia:tomato":2,"minecraft:oak_planks":4,"minecraft:iron_sword":1,"croptopia:apricot":4,"minecraft:sweet_berries":57,"croptopia:celery_seed":2,"minecraft:sand":9,"minecraft:white_bed":1,"croptopia:tea_seed":2,"oritech:nickel_ingot":11,"minecraft:diamond":9,"minecraft:stone_axe":1,"minecraft:granite":2,"minecraft:emerald":6,"minecraft:coal":57},"minecraft:killed_by":{"minecraft:creeper":1,"minecraft:skeleton":1,"minecraft:zombie":1},"minecraft:killed":{"minecraft:skeleton":2,"minecraft:chicken":10,"minecraft:pig":6,"minecraft:sheep":6,"minecraft:zombie":2,"minecraft:cow":1},"minecraft:used":{"minecraft:shield":5,"minecraft:iron_sword":13,"minecraft:cooked_chicken":4,"minecraft:rotten_flesh":1,"minecraft:torch":5,"minecraft:dirt":50,"minecraft:furnace":4,"minecraft:egg":1,"minecraft:cooked_beef":2,"minecraft:cobbled_deepslate":4,"minecraft:cooked_mutton":7,"croptopia:celery":1,"croptopia:tomato":1,"minecraft:stone_pickaxe":132,"croptopia:apricot":4,"minecraft:wooden_pickaxe":16,"minecraft:sand":7,"minecraft:crafting_table":4,"minecraft:oak_log":1,"minecraft:diamond_pickaxe":41,"minecraft:iron_pickaxe":60,"minecraft:stone_axe":12,"minecraft:diamond_sword":93}},"DataVersion":3953}