{"stats":{"minecraft:crafted":{"minecraft:cooked_beef":2,"minecraft:oak_planks":24,"minecraft:diamond_sword":1,"minecraft:crafting_table":2,"minecraft:wooden_pickaxe":1,"minecraft:cooked_chicken":3,"minecraft:iron_sword":1,"minecraft:furnace":1,"minecraft:birch_planks":16,"minecraft:stone_axe":1,"minecraft:cooked_mutton":7,"minecraft:air":0,"oritech:nickel_ingot":11,"minecraft:diamond_helmet":1,"minecraft:shield":1,"minecraft:stick":24,"minecraft:iron_pickaxe":1,"minecraft:iron_ingot":19,"minecraft:stone_pickaxe":1,"minecraft:torch":20},"minecraft:custom":{"minecraft:interact_with_furnace":28,"minecraft:mob_kills":14,"minecraft:interact_with_crafting_table":12,"minecraft:sleep_in_bed":1,"minecraft:leave_game":3,"minecraft:time_since_death":21213,"minecraft:time_since_rest":134,"minecraft:sprint_one_cm":181726,"minecraft:damage_taken":1360,"minecraft:walk_one_cm":142103,"minecraft:damage_blocked_by_shield":195,"minecraft:damage_dealt":1620,"minecraft:swim_one_cm":70172,"minecraft:fly_one_cm":77687,"minecraft:open_chest":2,"minecraft:crouch_one_cm":21,"minecraft:play_time":53897,"minecraft:deaths":3,"minecraft:sneak_time":41,"minecraft:walk_under_water_one_cm":7981,"minecraft:jump":595,"minecraft:walk_on_water_one_cm":20743,"minecraft:total_world_time":53897,"minecraft:fall_one_cm":18202,"minecraft:horse_one_cm":3771},"minecraft:broken":{"minecraft:stone_pickaxe":1},"minecraft:mined":{"minecraft:brown_mushroom":1,"minecraft:deepslate_diamond_ore":9,"minecraft:crafting_table":3,"minecraft:torch":3,"minecraft:short_grass":9,"minecraft:grass_block":3,"minecraft:copper_ore":12,"minecraft:deepslate_coal_ore":13,"minecraft:deepslate_gold_ore":4,"oritech:deepslate_platinum_ore":7,"minecraft:sugar_cane":2,"minecraft:deepslate_copper_ore":16,"minecraft:furnace":4,"minecraft:cobbled_deepslate":1,"minecraft:birch_log":10,"minecraft:iron_ore":2,"croptopia:tea_crop":1,"croptopia:tomato_crop":1,"croptopia:apricot_crop":4,"minecraft:oak_log":7,"minecraft:coal_ore":21,"croptopia:celery_crop":1,"minecraft:deepslate_iron_ore":17,"minecraft:sand":7,"minecraft:dirt":19,"oritech:deepslate_nickel_ore":11,"minecraft:stone":16,"minecraft:deepslate_emerald_ore":6,"minecraft:oak_leaves":11,"minecraft:deepslate":50,"minecraft:fern":2,"minecraft:podzol":1},"minecraft:picked_up":{"minecraft:birch_log":16,"minecraft:crafting_table":4,"minecraft:feather":5,"minecraft:chicken":4,"minecraft:brown_mushroom":2,"minecraft:birch_planks":1,"croptopia:tea_leaves":2,"minecraft:oak_log":7,"minecraft:shield":1,"croptopia:celery":2,"minecraft:dirt":75,"minecraft:raw_copper":186,"minecraft:wheat_seeds":4,"minecraft:cobbled_deepslate":75,"minecraft:raw_gold":4,"croptopia:tomato_seed":2,"minecraft:iron_ingot":10,"minecraft:beef":2,"croptopia:tomato":2,"minecraft:light_gray_wool":1,"minecraft:iron_pickaxe":1,"minecraft:sugar_cane":4,"minecraft:oak_planks":4,"minecraft:iron_sword":1,"minecraft:egg":1,"minecraft:furnace":4,"minecraft:stick":8,"minecraft:raw_iron":19,"croptopia:apricot":4,"minecraft:torch":22,"oritech:raw_platinum":7,"croptopia:celery_seed":2,"minecraft:sand":9,"croptopia:tea_seed":2,"oritech:nickel_ingot":11,"minecraft:rotten_flesh":1,"minecraft:diamond":9,"minecraft:stone_axe":1,"oritech:raw_nickel":11,"minecraft:emerald":6,"minecraft:white_wool":4,"minecraft:mutton":10,"minecraft:coal":57,"minecraft:cobblestone":18},"minecraft:killed_by":{"minecraft:skeleton":1,"minecraft:creeper":1,"minecraft:zombie":1},"minecraft:killed":{"minecraft:skeleton":1,"minecraft:sheep":6,"minecraft:zombie":2,"minecraft:chicken":4,"minecraft:cow":1},"minecraft:used":{"minecraft:cooked_mutton":6,"croptopia:celery":1,"croptopia:tomato":1,"minecraft:stone_pickaxe":132,"croptopia:apricot":4,"minecraft:wooden_pickaxe":16,"minecraft:shield":4,"minecraft:iron_sword":12,"minecraft:cooked_chicken":3,"minecraft:rotten_flesh":1,"minecraft:torch":5,"minecraft:dirt":41,"minecraft:sand":7,"minecraft:crafting_table":4,"minecraft:oak_log":1,"minecraft:iron_pickaxe":60,"minecraft:stone_axe":12,"minecraft:diamond_sword":30,"minecraft:furnace":4,"minecraft:cooked_beef":2,"minecraft:cobbled_deepslate":4}},"DataVersion":3953}